Check,Observed,Expected,Difference
Duplicate sales order-line keys,0.00000000,0.00000000,0.00000000
Duplicate ProductKey,0.00000000,0.00000000,0.00000000
Unmatched ProductKey,0.00000000,0.00000000,0.00000000
Duplicate CustomerKey,0.00000000,0.00000000,0.00000000
Unmatched CustomerKey,0.00000000,0.00000000,0.00000000
Duplicate StoreKey,0.00000000,0.00000000,0.00000000
Unmatched StoreKey,0.00000000,0.00000000,0.00000000
Duplicate FX date-currency keys,0.00000000,0.00000000,0.00000000
Joined row count,62884.00000000,62884.00000000,0.00000000
Joined quantity,197757.00000000,197757.00000000,0.00000000
Nonpositive quantity,0.00000000,0.00000000,0.00000000
Orders with multiple customers,0.00000000,0.00000000,0.00000000
Orders with conflicting StoreKey,0.00000000,0.00000000,0.00000000
Orders with conflicting Order Date,0.00000000,0.00000000,0.00000000
Orders with conflicting Currency Code,0.00000000,0.00000000,0.00000000
Orders with conflicting Delivery Date,0.00000000,0.00000000,0.00000000
Delivery before order,0.00000000,0.00000000,0.00000000
Physical sales before opening,0.00000000,0.00000000,0.00000000
Missing matched FX rate,0.00000000,0.00000000,0.00000000
USD rates not one,0.00000000,0.00000000,0.00000000
Order/AOV bridge,-8969750.34000000,-8969750.34000000,0.00000000
Store bridge,-8969750.34000000,-8969750.34000000,0.00000000
SKU quantity bridge,-8969750.34000000,-8969750.34000000,0.00000000
December append row count,61672.00000000,61672.00000000,0.00000000
December append revenue,54716191.11000000,54716191.11000000,0.00000000
December append quantity,193960.00000000,193960.00000000,0.00000000
