Year,Brand,Revenue,Cost,GP,Units,Orders,Customers,Margin,AOV,Units per order
2016,A. Datum,231663.30000000,93279.54000000,138383.76000000,828,244,240,0.59734865,949.43975410,3.39344262
2016,Adventure Works,1597808.01000000,647803.30000000,950004.71000000,2509,686,671,0.59456750,2329.16619534,3.65743440
2016,Contoso,1590607.53000000,644410.64000000,946196.89000000,5884,1409,1326,0.59486509,1128.89107878,4.17601136
2016,Fabrikam,974803.65000000,392654.98000000,582148.67000000,1683,478,473,0.59719583,2039.33817992,3.52092050
2016,Litware,525196.96000000,217608.57000000,307588.39000000,1039,304,300,0.58566293,1727.62157895,3.41776316
2016,Northwind Traders,178613.27000000,73702.20000000,104911.07000000,788,232,230,0.58736437,769.88478448,3.39655172
2016,Proseware,243533.71000000,99730.28000000,143803.43000000,842,250,243,0.59048675,974.13484000,3.36800000
2016,Southridge Video,379099.26000000,157088.58000000,222010.68000000,3056,864,824,0.58562678,438.77229167,3.53703704
2016,Tailspin Toys,49498.11000000,22940.70000000,26557.41000000,1336,391,381,0.53653382,126.59363171,3.41687980
2016,The Phone Company,368537.00000000,159517.29000000,209019.71000000,1276,396,390,0.56716072,930.64898990,3.22222222
2016,Wide World Importers,807432.76000000,331057.01000000,476375.75000000,2520,696,678,0.58998814,1160.10454023,3.62068966
2017,A. Datum,154170.70000000,63064.46000000,91106.24000000,630,197,193,0.59094393,782.59238579,3.19796954
2017,Adventure Works,1569302.96000000,652267.38000000,917035.58000000,2732,754,736,0.58435854,2081.30366048,3.62334218
2017,Contoso,1693645.84000000,712248.11000000,981397.73000000,6331,1545,1460,0.57945865,1096.21089968,4.09773463
2017,Fabrikam,922844.83000000,367160.78000000,555684.05000000,1590,466,456,0.60214245,1980.35371245,3.41201717
2017,Litware,440952.66000000,184320.04000000,256632.62000000,990,306,303,0.58199585,1441.02176471,3.23529412
2017,Northwind Traders,133841.28000000,58792.90000000,75048.38000000,1177,356,353,0.56072671,375.95865169,3.30617978
2017,Proseware,374542.10000000,150896.54000000,223645.56000000,1187,354,349,0.59711728,1058.02853107,3.35310734
2017,Southridge Video,358578.52000000,146281.67000000,212296.85000000,3107,853,821,0.59205122,420.37341149,3.64243845
2017,Tailspin Toys,60650.94000000,27423.87000000,33227.07000000,1389,405,397,0.54784097,149.75540741,3.42962963
2017,The Phone Company,559191.00000000,239864.18000000,319326.82000000,1959,568,559,0.57105143,984.49119718,3.44894366
2017,Wide World Importers,1153701.44000000,482038.28000000,671663.16000000,3706,1041,1000,0.58218109,1108.26267051,3.56003842
2018,A. Datum,264624.60000000,107576.86000000,157047.74000000,1024,341,338,0.59347370,776.02521994,3.00293255
2018,Adventure Works,2596735.58000000,1080357.33000000,1516378.25000000,4463,1267,1200,0.58395559,2049.51505919,3.52249408
2018,Contoso,2575490.34000000,1072500.51000000,1502989.83000000,11348,2778,2512,0.58357424,927.10235421,4.08495320
2018,Fabrikam,1568413.49000000,634517.40000000,933896.09000000,2612,749,728,0.59543998,2094.01000000,3.48731642
2018,Litware,736691.59000000,308319.94000000,428371.65000000,1419,425,422,0.58148030,1733.39197647,3.33882353
2018,Northwind Traders,312574.47000000,134589.80000000,177984.67000000,1963,594,585,0.56941525,526.21964646,3.30471380
2018,Proseware,715988.93000000,288934.50000000,427054.43000000,2238,683,660,0.59645396,1048.30004392,3.27672035
2018,Southridge Video,516905.66000000,214295.64000000,302610.02000000,5175,1461,1384,0.58542601,353.80264203,3.54209446
2018,Tailspin Toys,135170.24000000,61595.86000000,73574.38000000,3432,990,951,0.54430901,136.53559596,3.46666667
2018,The Phone Company,1204743.00000000,523551.91000000,681191.09000000,4206,1217,1158,0.56542440,989.92851274,3.45603944
2018,Wide World Importers,2161622.76000000,897759.80000000,1263862.96000000,6618,1843,1714,0.58468248,1172.88266956,3.59088443
2019,A. Datum,552393.00000000,221936.15000000,330456.85000000,2078,636,623,0.59822780,868.54245283,3.26729560
2019,Adventure Works,3911249.50000000,1623443.10000000,2287806.40000000,6664,1911,1777,0.58492980,2046.70303506,3.48717949
2019,Contoso,3221259.45000000,1332626.23000000,1888633.22000000,16827,4091,3476,0.58630273,787.40147886,4.11317526
2019,Fabrikam,2077974.21000000,849352.26000000,1228621.95000000,3501,1058,1019,0.59125948,1964.05879962,3.30907372
2019,Litware,661146.93000000,271877.03000000,389269.90000000,1323,418,410,0.58877971,1581.69122010,3.16507177
2019,Northwind Traders,373828.07000000,154158.20000000,219669.87000000,2555,778,751,0.58762273,480.49880463,3.28406170
2019,Proseware,1123193.21000000,440300.64000000,682892.57000000,3292,996,947,0.60799207,1127.70402610,3.30522088
2019,Southridge Video,804555.61000000,326519.08000000,478036.53000000,8438,2304,2122,0.59416220,349.19948351,3.66232639
2019,Tailspin Toys,278986.97000000,125895.58000000,153091.39000000,7154,1962,1802,0.54874029,142.19519368,3.64627931
2019,The Phone Company,2020914.00000000,872899.78000000,1148014.22000000,7005,2011,1846,0.56806684,1004.92988563,3.48334162
2019,Wide World Importers,3238881.53000000,1347635.53000000,1891246.00000000,9603,2604,2331,0.58391947,1243.81011137,3.68778802
2020,A. Datum,259463.60000000,107244.06000000,152219.54000000,1012,331,327,0.58667011,783.87794562,3.05740181
2020,Adventure Works,1936075.07000000,809900.69000000,1126174.38000000,3317,953,930,0.58167909,2031.55831060,3.48058762
2020,Contoso,1547519.99000000,643065.10000000,904454.89000000,8487,2104,1947,0.58445441,735.51330323,4.03374525
2020,Fabrikam,1161408.68000000,460465.07000000,700943.61000000,1817,514,499,0.60352882,2259.54996109,3.53501946
2020,Litware,257228.99000000,107202.42000000,150026.57000000,467,144,143,0.58324130,1786.31243056,3.24305556
2020,Northwind Traders,121863.15000000,53194.91000000,68668.24000000,1051,313,310,0.56348650,389.33913738,3.35782748
2020,Proseware,676852.24000000,265513.32000000,411338.92000000,1660,500,489,0.60772336,1353.70448000,3.32000000
2020,Southridge Video,463673.21000000,187995.87000000,275677.34000000,4507,1243,1181,0.59455093,373.02752212,3.62590507
2020,Tailspin Toys,144177.09000000,65410.49000000,78766.60000000,3801,1032,990,0.54631842,139.70648256,3.68313953
2020,The Phone Company,1088152.00000000,472036.46000000,616115.54000000,3842,1110,1061,0.56620356,980.31711712,3.46126126
2020,Wide World Importers,1638218.12000000,675143.60000000,963074.52000000,4502,1234,1160,0.58787930,1327.56735818,3.64829822
2021,A. Datum,23892.60000000,9604.42000000,14288.18000000,83,33,33,0.59801696,724.01818182,2.51515152
2021,Adventure Works,238738.20000000,98818.64000000,139919.56000000,414,110,110,0.58607948,2170.34727273,3.76363636
2021,Contoso,163802.17000000,66265.59000000,97536.58000000,950,228,228,0.59545353,718.43057018,4.16666667
2021,Fabrikam,102448.66000000,42267.92000000,60180.74000000,181,65,65,0.58742340,1576.13323077,2.78461538
2021,Litware,38281.65000000,16405.59000000,21876.06000000,71,19,19,0.57145029,2014.82368421,3.73684211
2021,Northwind Traders,5349.30000000,2218.22000000,3131.08000000,76,26,26,0.58532518,205.74230769,2.92307692
2021,Proseware,78517.83000000,31965.64000000,46552.19000000,208,57,57,0.59288686,1377.50578947,3.64912281
2021,Southridge Video,55783.67000000,23538.25000000,32245.42000000,531,144,143,0.57804408,387.38659722,3.68750000
2021,Tailspin Toys,14247.60000000,6415.15000000,7832.45000000,343,106,104,0.54973820,134.41132075,3.23584906
2021,The Phone Company,145283.00000000,61187.48000000,84095.52000000,476,122,122,0.57883937,1190.84426230,3.90163934
2021,Wide World Importers,172943.80000000,72137.89000000,100805.91000000,464,120,119,0.58288247,1441.19833333,3.86666667
