StoreKey,Store Country,Store State,Square Meters,Open Date,Months 2019,Months 2020,Comparable,Cohort,Revenue 2019,GP 2019,Revenue 2020,GP 2020,Change,Growth,Revenue per sqm,GP per sqm,Store,Review priority
1,Australia,Australian Capital Territory,595.00000000,2008-01-01,12.00000000,9.00000000,0,"Established, incomplete monthly coverage",83345.18000000,48207.25000000,59547.84000000,35576.51000000,-23797.34000000,-0.28552749,100.08040336,59.79245378,01 · Australia · Australian Capital Territory,Validate trading coverage first
2,Australia,Northern Territory,665.00000000,2008-01-12,0.00000000,0.00000000,0,"Established, incomplete monthly coverage",0.00000000,0.00000000,0.00000000,0.00000000,0.00000000,,0.00000000,0.00000000,02 · Australia · Northern Territory,Validate trading coverage first
3,Australia,South Australia,2000.00000000,2012-01-07,0.00000000,0.00000000,0,"Established, incomplete monthly coverage",0.00000000,0.00000000,0.00000000,0.00000000,0.00000000,,0.00000000,0.00000000,03 · Australia · South Australia,Validate trading coverage first
4,Australia,Tasmania,2000.00000000,2010-01-01,11.00000000,7.00000000,0,"Established, incomplete monthly coverage",181319.47000000,111170.66000000,34941.02000000,21008.40000000,-146378.45000000,-0.80729582,17.47051000,10.50420000,04 · Australia · Tasmania,Validate trading coverage first
5,Australia,Victoria,2000.00000000,2015-12-09,12.00000000,10.00000000,0,"Established, incomplete monthly coverage",277555.37000000,165270.76000000,115533.80000000,66369.91000000,-162021.57000000,-0.58374504,57.76690000,33.18495500,05 · Australia · Victoria,Validate trading coverage first
6,Australia,Western Australia,2000.00000000,2010-01-01,12.00000000,10.00000000,0,"Established, incomplete monthly coverage",146542.80000000,83709.08000000,111147.00000000,67214.90000000,-35395.80000000,-0.24153899,55.57350000,33.60745000,06 · Australia · Western Australia,Validate trading coverage first
7,Canada,New Brunswick,1105.00000000,2007-05-07,0.00000000,0.00000000,0,"Established, incomplete monthly coverage",0.00000000,0.00000000,0.00000000,0.00000000,0.00000000,,0.00000000,0.00000000,07 · Canada · New Brunswick,Validate trading coverage first
8,Canada,Newfoundland and Labrador,2105.00000000,2014-07-02,12.00000000,12.00000000,1,Strict same-store,344169.46000000,198561.54000000,160783.21000000,94595.04000000,-183386.25000000,-0.53283708,76.38157245,44.93826128,08 · Canada · Newfoundland and Labrador,Comparable operating review
9,Canada,Northwest Territories,1500.00000000,2005-03-04,11.00000000,11.00000000,0,"Established, incomplete monthly coverage",433627.51000000,252941.22000000,194642.34000000,110992.15000000,-238985.17000000,-0.55113009,129.76156000,73.99476667,09 · Canada · Northwest Territories,Validate trading coverage first
10,Canada,Nunavut,1210.00000000,2015-04-04,11.00000000,11.00000000,0,"Established, incomplete monthly coverage",351148.61000000,203389.54000000,196229.14000000,113025.82000000,-154919.47000000,-0.44117922,162.17284298,93.40976860,10 · Canada · Nunavut,Validate trading coverage first
11,Canada,Yukon,1210.00000000,2009-06-03,0.00000000,0.00000000,0,"Established, incomplete monthly coverage",0.00000000,0.00000000,0.00000000,0.00000000,0.00000000,,0.00000000,0.00000000,11 · Canada · Yukon,Validate trading coverage first
12,France,Basse-Normandie,350.00000000,2012-06-06,11.00000000,7.00000000,0,"Established, incomplete monthly coverage",53193.33000000,31072.23000000,54126.12000000,33223.99000000,932.79000000,0.01753585,154.64605714,94.92568571,12 · France · Basse-Normandie,Validate trading coverage first
13,France,Corse,245.00000000,2013-06-07,9.00000000,8.00000000,0,"Established, incomplete monthly coverage",46260.47000000,26599.14000000,37988.94000000,23923.57000000,-8271.53000000,-0.17880341,155.05689796,97.64722449,13 · France · Corse,Validate trading coverage first
14,France,Franche-Comté,350.00000000,2009-12-15,9.00000000,6.00000000,0,"Established, incomplete monthly coverage",25694.46000000,15431.17000000,19755.19000000,12126.53000000,-5939.27000000,-0.23114983,56.44340000,34.64722857,14 · France · Franche-Comté,Validate trading coverage first
15,France,La Réunion,400.00000000,2015-01-01,11.00000000,7.00000000,0,"Established, incomplete monthly coverage",75094.30000000,42118.61000000,41970.26000000,25774.92000000,-33124.04000000,-0.44109926,104.92565000,64.43730000,15 · France · La Réunion,Validate trading coverage first
16,France,Limousin,385.00000000,2010-06-03,12.00000000,9.00000000,0,"Established, incomplete monthly coverage",62656.76000000,37431.77000000,54601.44000000,32800.10000000,-8055.32000000,-0.12856266,141.82192208,85.19506494,16 · France · Limousin,Validate trading coverage first
17,France,Martinique,350.00000000,2007-07-08,9.00000000,8.00000000,0,"Established, incomplete monthly coverage",39113.11000000,22498.66000000,34240.51000000,20939.86000000,-4872.60000000,-0.12457716,97.83002857,59.82817143,17 · France · Martinique,Validate trading coverage first
18,France,Mayotte,310.00000000,2012-08-08,11.00000000,8.00000000,0,"Established, incomplete monthly coverage",89756.71000000,54788.60000000,21675.38000000,12186.83000000,-68081.33000000,-0.75850964,69.92058065,39.31235484,18 · France · Mayotte,Validate trading coverage first
19,Germany,Berlin,1295.00000000,2015-04-04,12.00000000,9.00000000,0,"Established, incomplete monthly coverage",162502.45000000,94814.56000000,63005.84000000,37443.18000000,-99496.61000000,-0.61227760,48.65315830,28.91365251,19 · Germany · Berlin,Validate trading coverage first
20,Germany,Brandenburg,1715.00000000,2012-12-15,6.00000000,0.00000000,0,"Established, incomplete monthly coverage",89306.76000000,53084.95000000,0.00000000,0.00000000,-89306.76000000,-1.00000000,0.00000000,0.00000000,20 · Germany · Brandenburg,Validate trading coverage first
21,Germany,Freie Hansestadt Bremen,560.00000000,2018-06-03,11.00000000,10.00000000,0,"Established, incomplete monthly coverage",236119.93000000,139402.26000000,79077.78000000,45149.08000000,-157042.15000000,-0.66509485,141.21032143,80.62335714,21 · Germany · Freie Hansestadt Bremen,Validate trading coverage first
22,Germany,Freistaat Thüringen,2000.00000000,2008-03-06,12.00000000,11.00000000,0,"Established, incomplete monthly coverage",271521.30000000,157936.10000000,77482.26000000,44132.02000000,-194039.04000000,-0.71463653,38.74113000,22.06601000,22 · Germany · Freistaat Thüringen,Validate trading coverage first
23,Germany,Hamburg,1365.00000000,2010-01-01,11.00000000,11.00000000,0,"Established, incomplete monthly coverage",190784.22000000,113140.94000000,102549.27000000,60874.53000000,-88234.95000000,-0.46248558,75.12767033,44.59672527,23 · Germany · Hamburg,Validate trading coverage first
24,Germany,Hessen,1855.00000000,2012-12-15,12.00000000,11.00000000,0,"Established, incomplete monthly coverage",184961.16000000,107240.87000000,115336.70000000,68015.33000000,-69624.46000000,-0.37642746,62.17611860,36.66594609,24 · Germany · Hessen,Validate trading coverage first
25,Germany,Mecklenburg-Vorpommern,1610.00000000,2010-01-01,0.00000000,0.00000000,0,"Established, incomplete monthly coverage",0.00000000,0.00000000,0.00000000,0.00000000,0.00000000,,0.00000000,0.00000000,25 · Germany · Mecklenburg-Vorpommern,Validate trading coverage first
26,Germany,Saarland,350.00000000,2019-03-05,9.00000000,10.00000000,0,Opened 2019 or later,170160.62000000,98288.38000000,97216.75000000,59030.57000000,-72943.87000000,-0.42867656,277.76214286,168.65877143,26 · Germany · Saarland,Validate trading coverage first
27,Germany,Sachsen-Anhalt,2000.00000000,2008-08-08,12.00000000,11.00000000,0,"Established, incomplete monthly coverage",214439.51000000,126407.97000000,88326.31000000,50052.85000000,-126113.20000000,-0.58810618,44.16315500,25.02642500,27 · Germany · Sachsen-Anhalt,Validate trading coverage first
28,Italy,Caltanissetta,1200.00000000,2012-12-15,0.00000000,0.00000000,0,"Established, incomplete monthly coverage",0.00000000,0.00000000,0.00000000,0.00000000,0.00000000,,0.00000000,0.00000000,28 · Italy · Caltanissetta,Validate trading coverage first
29,Italy,Enna,1000.00000000,2008-01-01,11.00000000,9.00000000,0,"Established, incomplete monthly coverage",278462.89000000,165379.01000000,121895.59000000,70300.94000000,-156567.30000000,-0.56225553,121.89559000,70.30094000,29 · Italy · Enna,Validate trading coverage first
30,Italy,Pesaro,2100.00000000,2008-01-12,11.00000000,8.00000000,0,"Established, incomplete monthly coverage",283358.34000000,165462.95000000,138923.94000000,81156.71000000,-144434.40000000,-0.50972348,66.15425714,38.64605238,30 · Italy · Pesaro,Validate trading coverage first
31,Netherlands,Drenthe,1085.00000000,2012-01-07,12.00000000,10.00000000,0,"Established, incomplete monthly coverage",108981.54000000,63849.80000000,52753.88000000,31250.03000000,-56227.66000000,-0.51593747,48.62108756,28.80187097,31 · Netherlands · Drenthe,Validate trading coverage first
32,Netherlands,Flevoland,910.00000000,2010-01-01,11.00000000,10.00000000,0,"Established, incomplete monthly coverage",145191.95000000,85747.72000000,63065.97000000,37016.01000000,-82125.98000000,-0.56563728,69.30326374,40.67693407,32 · Netherlands · Flevoland,Validate trading coverage first
33,Netherlands,Friesland,1540.00000000,2015-12-09,12.00000000,11.00000000,0,"Established, incomplete monthly coverage",132373.85000000,79137.85000000,80749.14000000,47330.49000000,-51624.71000000,-0.38999175,52.43450649,30.73408442,33 · Netherlands · Friesland,Validate trading coverage first
34,Netherlands,Groningen,1365.00000000,2010-01-01,11.00000000,9.00000000,0,"Established, incomplete monthly coverage",129759.50000000,79526.37000000,53751.32000000,30956.34000000,-76008.18000000,-0.58576197,39.37825641,22.67863736,34 · Netherlands · Groningen,Validate trading coverage first
35,Netherlands,Zeeland,1225.00000000,2007-05-07,0.00000000,0.00000000,0,"Established, incomplete monthly coverage",0.00000000,0.00000000,0.00000000,0.00000000,0.00000000,,0.00000000,0.00000000,35 · Netherlands · Zeeland,Validate trading coverage first
36,United Kingdom,Armagh,1300.00000000,2014-07-02,12.00000000,11.00000000,0,"Established, incomplete monthly coverage",286993.68000000,167884.07000000,130175.95000000,75064.20000000,-156817.73000000,-0.54641527,100.13534615,57.74169231,36 · United Kingdom · Armagh,Validate trading coverage first
37,United Kingdom,Ayrshire,2100.00000000,2005-03-04,12.00000000,11.00000000,0,"Established, incomplete monthly coverage",204682.65000000,120049.05000000,118089.63000000,68702.24000000,-86593.02000000,-0.42305989,56.23315714,32.71535238,37 · United Kingdom · Ayrshire,Validate trading coverage first
38,United Kingdom,Belfast,1800.00000000,2015-04-04,11.00000000,12.00000000,0,"Established, incomplete monthly coverage",285114.75000000,165801.28000000,151441.80000000,88344.67000000,-133672.95000000,-0.46883913,84.13433333,49.08037222,38 · United Kingdom · Belfast,Validate trading coverage first
39,United Kingdom,Blaenau Gwent,2100.00000000,2009-06-03,12.00000000,12.00000000,1,Strict same-store,338792.19000000,196842.24000000,142362.65000000,84626.86000000,-196429.54000000,-0.57979359,67.79173810,40.29850476,39 · United Kingdom · Blaenau Gwent,Comparable operating review
40,United Kingdom,Dungannon and South Tyrone,1300.00000000,2012-06-06,11.00000000,10.00000000,0,"Established, incomplete monthly coverage",289201.17000000,171864.88000000,126625.84000000,73668.44000000,-162575.33000000,-0.56215309,97.40449231,56.66803077,40 · United Kingdom · Dungannon and South Tyrone,Validate trading coverage first
41,United Kingdom,Fermanagh,2100.00000000,2013-06-07,0.00000000,0.00000000,0,"Established, incomplete monthly coverage",0.00000000,0.00000000,0.00000000,0.00000000,0.00000000,,0.00000000,0.00000000,41 · United Kingdom · Fermanagh,Validate trading coverage first
42,United Kingdom,North Down,1900.00000000,2009-12-15,12.00000000,10.00000000,0,"Established, incomplete monthly coverage",296544.55000000,173198.01000000,129894.15000000,75258.77000000,-166650.40000000,-0.56197425,68.36534211,39.60987895,42 · United Kingdom · North Down,Validate trading coverage first
43,United States,Alaska,1190.00000000,2015-01-01,11.00000000,12.00000000,0,"Established, incomplete monthly coverage",469094.42000000,281333.61000000,263444.43000000,156566.67000000,-205649.99000000,-0.43839786,221.38187395,131.56863025,43 · United States · Alaska,Validate trading coverage first
44,United States,Arkansas,2000.00000000,2010-06-03,12.00000000,11.00000000,0,"Established, incomplete monthly coverage",374484.08000000,220333.77000000,206960.59000000,123847.53000000,-167523.49000000,-0.44734476,103.48029500,61.92376500,44 · United States · Arkansas,Validate trading coverage first
45,United States,Connecticut,2000.00000000,2007-07-08,12.00000000,12.00000000,1,Strict same-store,407442.50000000,231388.85000000,276715.11000000,164503.01000000,-130727.39000000,-0.32084868,138.35755500,82.25150500,45 · United States · Connecticut,Comparable operating review
46,United States,Delaware,1015.00000000,2012-08-08,0.00000000,0.00000000,0,"Established, incomplete monthly coverage",0.00000000,0.00000000,0.00000000,0.00000000,0.00000000,,0.00000000,0.00000000,46 · United States · Delaware,Validate trading coverage first
47,United States,Hawaii,1120.00000000,2015-04-04,12.00000000,11.00000000,0,"Established, incomplete monthly coverage",410915.21000000,241340.47000000,205304.34000000,115564.39000000,-205610.87000000,-0.50037298,183.30744643,103.18249107,47 · United States · Hawaii,Validate trading coverage first
48,United States,Idaho,1540.00000000,2012-12-15,12.00000000,11.00000000,0,"Established, incomplete monthly coverage",321799.10000000,188061.59000000,168947.73000000,96639.04000000,-152851.37000000,-0.47499005,109.70631818,62.75262338,48 · United States · Idaho,Validate trading coverage first
49,United States,Iowa,2000.00000000,2018-06-03,11.00000000,12.00000000,0,"Established, incomplete monthly coverage",472079.90000000,278224.54000000,180614.20000000,102630.63000000,-291465.70000000,-0.61740756,90.30710000,51.31531500,49 · United States · Iowa,Validate trading coverage first
50,United States,Kansas,2000.00000000,2008-03-06,12.00000000,12.00000000,1,Strict same-store,373931.65000000,218057.55000000,299135.14000000,179234.95000000,-74796.51000000,-0.20002722,149.56757000,89.61747500,50 · United States · Kansas,Comparable operating review
51,United States,Maine,1295.00000000,2010-01-01,12.00000000,11.00000000,0,"Established, incomplete monthly coverage",328628.79000000,188901.09000000,225794.43000000,131918.17000000,-102834.36000000,-0.31291951,174.35863320,101.86731274,51 · United States · Maine,Validate trading coverage first
52,United States,Mississippi,2000.00000000,2009-06-03,0.00000000,0.00000000,0,"Established, incomplete monthly coverage",0.00000000,0.00000000,0.00000000,0.00000000,0.00000000,,0.00000000,0.00000000,52 · United States · Mississippi,Validate trading coverage first
53,United States,Montana,1260.00000000,2012-06-06,12.00000000,12.00000000,1,Strict same-store,330496.85000000,196298.62000000,238202.13000000,138141.45000000,-92294.72000000,-0.27926051,189.04930952,109.63607143,53 · United States · Montana,Comparable operating review
54,United States,Nebraska,2000.00000000,2013-06-07,12.00000000,12.00000000,1,Strict same-store,451311.90000000,262425.84000000,231295.43000000,137772.84000000,-220016.47000000,-0.48750425,115.64771500,68.88642000,54 · United States · Nebraska,Comparable operating review
55,United States,Nevada,2000.00000000,2009-12-15,12.00000000,11.00000000,0,"Established, incomplete monthly coverage",445442.20000000,255799.74000000,233389.62000000,134431.30000000,-212052.58000000,-0.47604960,116.69481000,67.21565000,55 · United States · Nevada,Validate trading coverage first
56,United States,New Hampshire,1260.00000000,2015-01-01,12.00000000,12.00000000,1,Strict same-store,366900.74000000,211943.41000000,190652.46000000,112451.38000000,-176248.28000000,-0.48037047,151.31147619,89.24712698,56 · United States · New Hampshire,Comparable operating review
57,United States,New Mexico,1645.00000000,2010-06-03,12.00000000,12.00000000,1,Strict same-store,452645.11000000,265874.59000000,224025.18000000,134926.26000000,-228619.93000000,-0.50507544,136.18551976,82.02204255,57 · United States · New Mexico,Comparable operating review
58,United States,North Dakota,1330.00000000,2007-07-08,0.00000000,0.00000000,0,"Established, incomplete monthly coverage",0.00000000,0.00000000,0.00000000,0.00000000,0.00000000,,0.00000000,0.00000000,58 · United States · North Dakota,Validate trading coverage first
59,United States,Oregon,2000.00000000,2012-08-08,12.00000000,11.00000000,0,"Established, incomplete monthly coverage",438027.03000000,254117.28000000,189830.74000000,107010.76000000,-248196.29000000,-0.56662323,94.91537000,53.50538000,59 · United States · Oregon,Validate trading coverage first
60,United States,Rhode Island,1260.00000000,2005-04-04,0.00000000,0.00000000,0,"Established, incomplete monthly coverage",0.00000000,0.00000000,0.00000000,0.00000000,0.00000000,,0.00000000,0.00000000,60 · United States · Rhode Island,Validate trading coverage first
61,United States,South Carolina,2000.00000000,2012-12-15,12.00000000,12.00000000,1,Strict same-store,434038.17000000,254108.87000000,207979.48000000,120811.26000000,-226058.69000000,-0.52082675,103.98974000,60.40563000,61 · United States · South Carolina,Comparable operating review
62,United States,South Dakota,1120.00000000,2018-06-03,12.00000000,11.00000000,0,"Established, incomplete monthly coverage",321125.04000000,191491.53000000,157563.76000000,91338.45000000,-163561.28000000,-0.50933829,140.68192857,81.55218750,62 · United States · South Dakota,Validate trading coverage first
63,United States,Utah,2000.00000000,2008-03-06,11.00000000,0.00000000,0,"Established, incomplete monthly coverage",256113.60000000,151714.87000000,0.00000000,0.00000000,-256113.60000000,-1.00000000,0.00000000,0.00000000,63 · United States · Utah,Validate trading coverage first
64,United States,Washington DC,1330.00000000,2010-01-01,12.00000000,12.00000000,1,Strict same-store,369857.81000000,215559.35000000,239205.71000000,143911.40000000,-130652.10000000,-0.35324954,179.85391729,108.20406015,64 · United States · Washington DC,Comparable operating review
65,United States,West Virginia,1785.00000000,2012-01-01,12.00000000,11.00000000,0,"Established, incomplete monthly coverage",377773.44000000,216391.34000000,210601.92000000,123191.43000000,-167171.52000000,-0.44251793,117.98426891,69.01480672,65 · United States · West Virginia,Validate trading coverage first
66,United States,Wyoming,840.00000000,2014-01-01,12.00000000,12.00000000,1,Strict same-store,445048.69000000,264320.06000000,205111.88000000,119972.12000000,-239936.81000000,-0.53912485,244.18080952,142.82395238,66 · United States · Wyoming,Comparable operating review
