Cohort,Customers,Eligible90,Repeat90,Repeat rate 90d
2016-01,289,289,13,0.04498270
2016-02,318,318,14,0.04402516
2016-03,103,103,1,0.00970874
2016-04,39,39,2,0.05128205
2016-05,213,213,15,0.07042254
2016-06,220,220,14,0.06363636
2016-07,178,178,5,0.02808989
2016-08,199,199,11,0.05527638
2016-09,234,234,8,0.03418803
2016-10,220,220,13,0.05909091
2016-11,210,210,15,0.07142857
2016-12,338,338,22,0.06508876
2017-01,247,247,11,0.04453441
2017-02,283,283,9,0.03180212
2017-03,98,98,2,0.02040816
2017-04,21,21,0,0.00000000
2017-05,184,184,11,0.05978261
2017-06,194,194,14,0.07216495
2017-07,168,168,6,0.03571429
2017-08,194,194,13,0.06701031
2017-09,196,196,14,0.07142857
2017-10,203,203,10,0.04926108
2017-11,215,215,22,0.10232558
2017-12,373,373,31,0.08310992
2018-01,257,257,14,0.05447471
2018-02,318,318,17,0.05345912
2018-03,112,112,2,0.01785714
2018-04,23,23,3,0.13043478
2018-05,275,275,19,0.06909091
2018-06,264,264,31,0.11742424
2018-07,237,237,24,0.10126582
2018-08,276,276,40,0.14492754
2018-09,277,277,39,0.14079422
2018-10,288,288,45,0.15625000
2018-11,295,295,45,0.15254237
2018-12,482,482,79,0.16390041
2019-01,373,373,44,0.11796247
2019-02,382,382,48,0.12565445
2019-03,135,135,10,0.07407407
2019-04,31,31,3,0.09677419
2019-05,259,259,20,0.07722008
2019-06,248,248,36,0.14516129
2019-07,229,229,22,0.09606987
2019-08,231,231,43,0.18614719
2019-09,234,234,45,0.19230769
2019-10,205,205,27,0.13170732
2019-11,220,220,45,0.20454545
2019-12,285,285,52,0.18245614
2020-01,215,215,25,0.11627907
2020-02,235,235,11,0.04680851
2020-03,67,67,0,0.00000000
2020-04,19,19,1,0.05263158
2020-05,101,101,4,0.03960396
2020-06,68,68,4,0.05882353
2020-07,47,47,2,0.04255319
2020-08,29,29,0,0.00000000
2020-09,31,31,1,0.03225806
2020-10,38,38,0,0.00000000
2020-11,33,22,1,0.04545455
2020-12,64,0,0,
2021-01,34,0,0,
2021-02,33,0,0,
