Year,Customer type,Revenue,Orders
2016,First-observed month,6202098.05000000,2583
2016,Previously observed,744695.51000000,282
2017,First-observed month,5425142.52000000,2410
2017,Previously observed,1996279.75000000,870
2018,First-observed month,6898311.81000000,3172
2018,Previously observed,5890648.85000000,2793
2019,First-observed month,5893087.75000000,2921
2019,Previously observed,12371294.73000000,6162
2020,First-observed month,1942548.16000000,967
2020,Previously observed,7352083.98000000,3668
2021,First-observed month,132738.02000000,68
2021,Previously observed,906550.46000000,430
