Cohort,Month after first,Cohort customers,Eligible,Active customers,Retention
2016-01,1,289,1,9.00000000,0.03114187
2016-01,2,289,1,1.00000000,0.00346021
2016-01,3,289,1,0.00000000,0.00000000
2016-01,4,289,1,3.00000000,0.01038062
2016-01,5,289,1,5.00000000,0.01730104
2016-01,6,289,1,2.00000000,0.00692042
2016-02,1,318,1,5.00000000,0.01572327
2016-02,2,318,1,1.00000000,0.00314465
2016-02,3,318,1,2.00000000,0.00628931
2016-02,4,318,1,6.00000000,0.01886792
2016-02,5,318,1,6.00000000,0.01886792
2016-02,6,318,1,4.00000000,0.01257862
2016-03,1,103,1,1.00000000,0.00970874
2016-03,2,103,1,0.00000000,0.00000000
2016-03,3,103,1,3.00000000,0.02912621
2016-03,4,103,1,3.00000000,0.02912621
2016-03,5,103,1,0.00000000,0.00000000
2016-03,6,103,1,2.00000000,0.01941748
2016-04,1,39,1,1.00000000,0.02564103
2016-04,2,39,1,0.00000000,0.00000000
2016-04,3,39,1,1.00000000,0.02564103
2016-04,4,39,1,0.00000000,0.00000000
2016-04,5,39,1,0.00000000,0.00000000
2016-04,6,39,1,0.00000000,0.00000000
2016-05,1,213,1,6.00000000,0.02816901
2016-05,2,213,1,5.00000000,0.02347418
2016-05,3,213,1,7.00000000,0.03286385
2016-05,4,213,1,5.00000000,0.02347418
2016-05,5,213,1,4.00000000,0.01877934
2016-05,6,213,1,6.00000000,0.02816901
2016-06,1,220,1,5.00000000,0.02272727
2016-06,2,220,1,5.00000000,0.02272727
2016-06,3,220,1,5.00000000,0.02272727
2016-06,4,220,1,11.00000000,0.05000000
2016-06,5,220,1,4.00000000,0.01818182
2016-06,6,220,1,10.00000000,0.04545455
2016-07,1,178,1,5.00000000,0.02808989
2016-07,2,178,1,0.00000000,0.00000000
2016-07,3,178,1,1.00000000,0.00561798
2016-07,4,178,1,2.00000000,0.01123596
2016-07,5,178,1,7.00000000,0.03932584
2016-07,6,178,1,2.00000000,0.01123596
2016-08,1,199,1,3.00000000,0.01507538
2016-08,2,199,1,5.00000000,0.02512563
2016-08,3,199,1,5.00000000,0.02512563
2016-08,4,199,1,6.00000000,0.03015075
2016-08,5,199,1,3.00000000,0.01507538
2016-08,6,199,1,6.00000000,0.03015075
2016-09,1,234,1,3.00000000,0.01282051
2016-09,2,234,1,3.00000000,0.01282051
2016-09,3,234,1,2.00000000,0.00854701
2016-09,4,234,1,7.00000000,0.02991453
2016-09,5,234,1,5.00000000,0.02136752
2016-09,6,234,1,4.00000000,0.01709402
2016-10,1,220,1,5.00000000,0.02272727
2016-10,2,220,1,7.00000000,0.03181818
2016-10,3,220,1,3.00000000,0.01363636
2016-10,4,220,1,2.00000000,0.00909091
2016-10,5,220,1,2.00000000,0.00909091
2016-10,6,220,1,0.00000000,0.00000000
2016-11,1,210,1,8.00000000,0.03809524
2016-11,2,210,1,5.00000000,0.02380952
2016-11,3,210,1,6.00000000,0.02857143
2016-11,4,210,1,2.00000000,0.00952381
2016-11,5,210,1,0.00000000,0.00000000
2016-11,6,210,1,6.00000000,0.02857143
2016-12,1,338,1,4.00000000,0.01183432
2016-12,2,338,1,10.00000000,0.02958580
2016-12,3,338,1,4.00000000,0.01183432
2016-12,4,338,1,0.00000000,0.00000000
2016-12,5,338,1,12.00000000,0.03550296
2016-12,6,338,1,5.00000000,0.01479290
2017-01,1,247,1,3.00000000,0.01214575
2017-01,2,247,1,4.00000000,0.01619433
2017-01,3,247,1,0.00000000,0.00000000
2017-01,4,247,1,6.00000000,0.02429150
2017-01,5,247,1,6.00000000,0.02429150
2017-01,6,247,1,6.00000000,0.02429150
2017-02,1,283,1,1.00000000,0.00353357
2017-02,2,283,1,0.00000000,0.00000000
2017-02,3,283,1,5.00000000,0.01766784
2017-02,4,283,1,4.00000000,0.01413428
2017-02,5,283,1,2.00000000,0.00706714
2017-02,6,283,1,4.00000000,0.01413428
2017-03,1,98,1,0.00000000,0.00000000
2017-03,2,98,1,1.00000000,0.01020408
2017-03,3,98,1,2.00000000,0.02040816
2017-03,4,98,1,3.00000000,0.03061224
2017-03,5,98,1,3.00000000,0.03061224
2017-03,6,98,1,1.00000000,0.01020408
2017-04,1,21,1,0.00000000,0.00000000
2017-04,2,21,1,0.00000000,0.00000000
2017-04,3,21,1,0.00000000,0.00000000
2017-04,4,21,1,1.00000000,0.04761905
2017-04,5,21,1,0.00000000,0.00000000
2017-04,6,21,1,0.00000000,0.00000000
2017-05,1,184,1,3.00000000,0.01630435
2017-05,2,184,1,4.00000000,0.02173913
2017-05,3,184,1,1.00000000,0.00543478
2017-05,4,184,1,3.00000000,0.01630435
2017-05,5,184,1,8.00000000,0.04347826
2017-05,6,184,1,7.00000000,0.03804348
2017-06,1,194,1,4.00000000,0.02061856
2017-06,2,194,1,3.00000000,0.01546392
2017-06,3,194,1,5.00000000,0.02577320
2017-06,4,194,1,2.00000000,0.01030928
2017-06,5,194,1,7.00000000,0.03608247
2017-06,6,194,1,8.00000000,0.04123711
2017-07,1,168,1,2.00000000,0.01190476
2017-07,2,168,1,3.00000000,0.01785714
2017-07,3,168,1,2.00000000,0.01190476
2017-07,4,168,1,4.00000000,0.02380952
2017-07,5,168,1,12.00000000,0.07142857
2017-07,6,168,1,5.00000000,0.02976190
2017-08,1,194,1,4.00000000,0.02061856
2017-08,2,194,1,6.00000000,0.03092784
2017-08,3,194,1,6.00000000,0.03092784
2017-08,4,194,1,7.00000000,0.03608247
2017-08,5,194,1,6.00000000,0.03092784
2017-08,6,194,1,11.00000000,0.05670103
2017-09,1,196,1,2.00000000,0.01020408
2017-09,2,196,1,9.00000000,0.04591837
2017-09,3,196,1,3.00000000,0.01530612
2017-09,4,196,1,8.00000000,0.04081633
2017-09,5,196,1,9.00000000,0.04591837
2017-09,6,196,1,2.00000000,0.01020408
2017-10,1,203,1,2.00000000,0.00985222
2017-10,2,203,1,2.00000000,0.00985222
2017-10,3,203,1,9.00000000,0.04433498
2017-10,4,203,1,5.00000000,0.02463054
2017-10,5,203,1,1.00000000,0.00492611
2017-10,6,203,1,0.00000000,0.00000000
2017-11,1,215,1,6.00000000,0.02790698
2017-11,2,215,1,13.00000000,0.06046512
2017-11,3,215,1,4.00000000,0.01860465
2017-11,4,215,1,0.00000000,0.00000000
2017-11,5,215,1,1.00000000,0.00465116
2017-11,6,215,1,3.00000000,0.01395349
2017-12,1,373,1,6.00000000,0.01608579
2017-12,2,373,1,8.00000000,0.02144772
2017-12,3,373,1,8.00000000,0.02144772
2017-12,4,373,1,1.00000000,0.00268097
2017-12,5,373,1,19.00000000,0.05093834
2017-12,6,373,1,13.00000000,0.03485255
2018-01,1,257,1,4.00000000,0.01556420
2018-01,2,257,1,1.00000000,0.00389105
2018-01,3,257,1,1.00000000,0.00389105
2018-01,4,257,1,12.00000000,0.04669261
2018-01,5,257,1,4.00000000,0.01556420
2018-01,6,257,1,7.00000000,0.02723735
2018-02,1,318,1,5.00000000,0.01572327
2018-02,2,318,1,1.00000000,0.00314465
2018-02,3,318,1,10.00000000,0.03144654
2018-02,4,318,1,8.00000000,0.02515723
2018-02,5,318,1,9.00000000,0.02830189
2018-02,6,318,1,13.00000000,0.04088050
2018-03,1,112,1,1.00000000,0.00892857
2018-03,2,112,1,1.00000000,0.00892857
2018-03,3,112,1,8.00000000,0.07142857
2018-03,4,112,1,1.00000000,0.00892857
2018-03,5,112,1,1.00000000,0.00892857
2018-03,6,112,1,4.00000000,0.03571429
2018-04,1,23,1,2.00000000,0.08695652
2018-04,2,23,1,1.00000000,0.04347826
2018-04,3,23,1,0.00000000,0.00000000
2018-04,4,23,1,2.00000000,0.08695652
2018-04,5,23,1,0.00000000,0.00000000
2018-04,6,23,1,2.00000000,0.08695652
2018-05,1,275,1,8.00000000,0.02909091
2018-05,2,275,1,6.00000000,0.02181818
2018-05,3,275,1,4.00000000,0.01454545
2018-05,4,275,1,6.00000000,0.02181818
2018-05,5,275,1,14.00000000,0.05090909
2018-05,6,275,1,13.00000000,0.04727273
2018-06,1,264,1,12.00000000,0.04545455
2018-06,2,264,1,9.00000000,0.03409091
2018-06,3,264,1,8.00000000,0.03030303
2018-06,4,264,1,8.00000000,0.03030303
2018-06,5,264,1,9.00000000,0.03409091
2018-06,6,264,1,22.00000000,0.08333333
2018-07,1,237,1,5.00000000,0.02109705
2018-07,2,237,1,12.00000000,0.05063291
2018-07,3,237,1,13.00000000,0.05485232
2018-07,4,237,1,10.00000000,0.04219409
2018-07,5,237,1,21.00000000,0.08860759
2018-07,6,237,1,12.00000000,0.05063291
2018-08,1,276,1,16.00000000,0.05797101
2018-08,2,276,1,14.00000000,0.05072464
2018-08,3,276,1,13.00000000,0.04710145
2018-08,4,276,1,25.00000000,0.09057971
2018-08,5,276,1,15.00000000,0.05434783
2018-08,6,276,1,16.00000000,0.05797101
2018-09,1,277,1,14.00000000,0.05054152
2018-09,2,277,1,14.00000000,0.05054152
2018-09,3,277,1,24.00000000,0.08664260
2018-09,4,277,1,13.00000000,0.04693141
2018-09,5,277,1,20.00000000,0.07220217
2018-09,6,277,1,4.00000000,0.01444043
2018-10,1,288,1,11.00000000,0.03819444
2018-10,2,288,1,24.00000000,0.08333333
2018-10,3,288,1,20.00000000,0.06944444
2018-10,4,288,1,20.00000000,0.06944444
2018-10,5,288,1,4.00000000,0.01388889
2018-10,6,288,1,3.00000000,0.01041667
2018-11,1,295,1,19.00000000,0.06440678
2018-11,2,295,1,13.00000000,0.04406780
2018-11,3,295,1,18.00000000,0.06101695
2018-11,4,295,1,5.00000000,0.01694915
2018-11,5,295,1,2.00000000,0.00677966
2018-11,6,295,1,15.00000000,0.05084746
2018-12,1,482,1,23.00000000,0.04771784
2018-12,2,482,1,30.00000000,0.06224066
2018-12,3,482,1,11.00000000,0.02282158
2018-12,4,482,1,2.00000000,0.00414938
2018-12,5,482,1,25.00000000,0.05186722
2018-12,6,482,1,22.00000000,0.04564315
2019-01,1,373,1,26.00000000,0.06970509
2019-01,2,373,1,9.00000000,0.02412869
2019-01,3,373,1,0.00000000,0.00000000
2019-01,4,373,1,21.00000000,0.05630027
2019-01,5,373,1,17.00000000,0.04557641
2019-01,6,373,1,13.00000000,0.03485255
2019-02,1,382,1,12.00000000,0.03141361
2019-02,2,382,1,3.00000000,0.00785340
2019-02,3,382,1,27.00000000,0.07068063
2019-02,4,382,1,20.00000000,0.05235602
2019-02,5,382,1,19.00000000,0.04973822
2019-02,6,382,1,14.00000000,0.03664921
2019-03,1,135,1,0.00000000,0.00000000
2019-03,2,135,1,7.00000000,0.05185185
2019-03,3,135,1,6.00000000,0.04444444
2019-03,4,135,1,5.00000000,0.03703704
2019-03,5,135,1,5.00000000,0.03703704
2019-03,6,135,1,11.00000000,0.08148148
2019-04,1,31,1,2.00000000,0.06451613
2019-04,2,31,1,1.00000000,0.03225806
2019-04,3,31,1,1.00000000,0.03225806
2019-04,4,31,1,1.00000000,0.03225806
2019-04,5,31,1,0.00000000,0.00000000
2019-04,6,31,1,3.00000000,0.09677419
2019-05,1,259,1,8.00000000,0.03088803
2019-05,2,259,1,7.00000000,0.02702703
2019-05,3,259,1,9.00000000,0.03474903
2019-05,4,259,1,10.00000000,0.03861004
2019-05,5,259,1,12.00000000,0.04633205
2019-05,6,259,1,14.00000000,0.05405405
2019-06,1,248,1,18.00000000,0.07258065
2019-06,2,248,1,11.00000000,0.04435484
2019-06,3,248,1,9.00000000,0.03629032
2019-06,4,248,1,15.00000000,0.06048387
2019-06,5,248,1,11.00000000,0.04435484
2019-06,6,248,1,21.00000000,0.08467742
2019-07,1,229,1,10.00000000,0.04366812
2019-07,2,229,1,6.00000000,0.02620087
2019-07,3,229,1,11.00000000,0.04803493
2019-07,4,229,1,9.00000000,0.03930131
2019-07,5,229,1,16.00000000,0.06986900
2019-07,6,229,1,17.00000000,0.07423581
2019-08,1,231,1,12.00000000,0.05194805
2019-08,2,231,1,12.00000000,0.05194805
2019-08,3,231,1,11.00000000,0.04761905
2019-08,4,231,1,16.00000000,0.06926407
2019-08,5,231,1,6.00000000,0.02597403
2019-08,6,231,1,13.00000000,0.05627706
2019-09,1,234,1,17.00000000,0.07264957
2019-09,2,234,1,14.00000000,0.05982906
2019-09,3,234,1,17.00000000,0.07264957
2019-09,4,234,1,13.00000000,0.05555556
2019-09,5,234,1,21.00000000,0.08974359
2019-09,6,234,1,5.00000000,0.02136752
2019-10,1,205,1,5.00000000,0.02439024
2019-10,2,205,1,11.00000000,0.05365854
2019-10,3,205,1,13.00000000,0.06341463
2019-10,4,205,1,16.00000000,0.07804878
2019-10,5,205,1,7.00000000,0.03414634
2019-10,6,205,1,0.00000000,0.00000000
2019-11,1,220,1,19.00000000,0.08636364
2019-11,2,220,1,16.00000000,0.07272727
2019-11,3,220,1,14.00000000,0.06363636
2019-11,4,220,1,4.00000000,0.01818182
2019-11,5,220,1,0.00000000,0.00000000
2019-11,6,220,1,6.00000000,0.02727273
2019-12,1,285,1,18.00000000,0.06315789
2019-12,2,285,1,19.00000000,0.06666667
2019-12,3,285,1,8.00000000,0.02807018
2019-12,4,285,1,1.00000000,0.00350877
2019-12,5,285,1,9.00000000,0.03157895
2019-12,6,285,1,10.00000000,0.03508772
2020-01,1,215,1,15.00000000,0.06976744
2020-01,2,215,1,2.00000000,0.00930233
2020-01,3,215,1,1.00000000,0.00465116
2020-01,4,215,1,3.00000000,0.01395349
2020-01,5,215,1,5.00000000,0.02325581
2020-01,6,215,1,2.00000000,0.00930233
2020-02,1,235,1,3.00000000,0.01276596
2020-02,2,235,1,0.00000000,0.00000000
2020-02,3,235,1,3.00000000,0.01276596
2020-02,4,235,1,7.00000000,0.02978723
2020-02,5,235,1,2.00000000,0.00851064
2020-02,6,235,1,2.00000000,0.00851064
2020-03,1,67,1,0.00000000,0.00000000
2020-03,2,67,1,0.00000000,0.00000000
2020-03,3,67,1,0.00000000,0.00000000
2020-03,4,67,1,0.00000000,0.00000000
2020-03,5,67,1,2.00000000,0.02985075
2020-03,6,67,1,0.00000000,0.00000000
2020-04,1,19,1,0.00000000,0.00000000
2020-04,2,19,1,1.00000000,0.05263158
2020-04,3,19,1,0.00000000,0.00000000
2020-04,4,19,1,0.00000000,0.00000000
2020-04,5,19,1,0.00000000,0.00000000
2020-04,6,19,1,0.00000000,0.00000000
2020-05,1,101,1,3.00000000,0.02970297
2020-05,2,101,1,0.00000000,0.00000000
2020-05,3,101,1,0.00000000,0.00000000
2020-05,4,101,1,0.00000000,0.00000000
2020-05,5,101,1,0.00000000,0.00000000
2020-05,6,101,1,0.00000000,0.00000000
2020-06,1,68,1,2.00000000,0.02941176
2020-06,2,68,1,0.00000000,0.00000000
2020-06,3,68,1,1.00000000,0.01470588
2020-06,4,68,1,1.00000000,0.01470588
2020-06,5,68,1,0.00000000,0.00000000
2020-06,6,68,1,3.00000000,0.04411765
2020-07,1,47,1,1.00000000,0.02127660
2020-07,2,47,1,0.00000000,0.00000000
2020-07,3,47,1,0.00000000,0.00000000
2020-07,4,47,1,0.00000000,0.00000000
2020-07,5,47,1,1.00000000,0.02127660
2020-07,6,47,1,1.00000000,0.02127660
2020-08,1,29,1,0.00000000,0.00000000
2020-08,2,29,1,0.00000000,0.00000000
2020-08,3,29,1,0.00000000,0.00000000
2020-08,4,29,1,0.00000000,0.00000000
2020-08,5,29,1,0.00000000,0.00000000
2020-08,6,29,0,,
2020-09,1,31,1,1.00000000,0.03225806
2020-09,2,31,1,0.00000000,0.00000000
2020-09,3,31,1,0.00000000,0.00000000
2020-09,4,31,1,0.00000000,0.00000000
2020-09,5,31,0,,
2020-09,6,31,0,,
2020-10,1,38,1,0.00000000,0.00000000
2020-10,2,38,1,0.00000000,0.00000000
2020-10,3,38,1,1.00000000,0.02631579
2020-10,4,38,0,,
2020-10,5,38,0,,
2020-10,6,38,0,,
2020-11,1,33,1,0.00000000,0.00000000
2020-11,2,33,1,1.00000000,0.03030303
2020-11,3,33,0,,
2020-11,4,33,0,,
2020-11,5,33,0,,
2020-11,6,33,0,,
2020-12,1,64,1,2.00000000,0.03125000
2020-12,2,64,0,,
2020-12,3,64,0,,
2020-12,4,64,0,,
2020-12,5,64,0,,
2020-12,6,64,0,,
2021-01,1,34,0,,
2021-01,2,34,0,,
2021-01,3,34,0,,
2021-01,4,34,0,,
2021-01,5,34,0,,
2021-01,6,34,0,,
2021-02,1,33,0,,
2021-02,2,33,0,,
2021-02,3,33,0,,
2021-02,4,33,0,,
2021-02,5,33,0,,
2021-02,6,33,0,,
