Year,Channel,Orders,Valid,MeanDays,MedianDays,P90Days,Over7,Coverage,Over7 share
2016,Online,476,476,7.17226891,7.00000000,11.00000000,201,1.00000000,0.42226891
2016,Store,2389,0,,,,0,0.00000000,
2017,Online,644,644,5.20186335,5.00000000,8.00000000,82,1.00000000,0.12732919
2017,Store,2636,0,,,,0,0.00000000,
2018,Online,1245,1245,4.35502008,4.00000000,7.00000000,69,1.00000000,0.05542169
2018,Store,4720,0,,,,0,0.00000000,
2019,Online,2006,2006,4.09820538,4.00000000,6.00000000,78,1.00000000,0.03888335
2019,Store,7077,0,,,,0,0.00000000,
2020,Online,1071,1071,4.03361345,4.00000000,6.00000000,40,1.00000000,0.03734827
2020,Store,3564,0,,,,0,0.00000000,
2021,Online,138,138,3.77536232,4.00000000,6.00000000,2,1.00000000,0.01449275
2021,Store,360,0,,,,0,0.00000000,
