Order Number,Order Date,Currency Code,Revenue,Exchange,Illustrative local amount,USD round trip
366000,2016-01-01,CAD,68.00000000,1.38840000,94.41120000,68.00000000
366001,2016-01-01,USD,854.00000000,1.00000000,854.00000000,854.00000000
366001,2016-01-01,USD,665.94000000,1.00000000,665.94000000,665.94000000
366002,2016-01-01,CAD,2254.00000000,1.38840000,3129.45360000,2254.00000000
366004,2016-01-01,GBP,9553.20000000,0.67420000,6440.76744000,9553.20000000
366004,2016-01-01,GBP,510.00000000,0.67420000,343.84200000,510.00000000
366005,2016-01-01,EUR,1876.00000000,0.91850000,1723.10600000,1876.00000000
366008,2016-01-01,EUR,8982.00000000,0.91850000,8249.96700000,8982.00000000
367023,2016-01-02,AUD,1640.00000000,1.36830000,2244.01200000,1640.00000000
367023,2016-01-02,AUD,330.00000000,1.36830000,451.53900000,330.00000000
