Dimension,Member,Revenue 2019,Revenue 2020,Change
Channel,Online,3908495.70000000,2069950.90000000,-1838544.80000000
Channel,Store,14355886.78000000,7224681.24000000,-7131205.54000000
Category,Audio,1064197.77000000,452725.55000000,-611472.22000000
Category,Cameras and camcorders,2260124.97000000,1209222.04000000,-1050902.93000000
Category,Cell phones,2311957.73000000,1256725.73000000,-1055232.00000000
Category,Computers,6958430.89000000,3665122.72000000,-3293308.17000000
Category,Games and Toys,295643.31000000,154189.13000000,-141454.18000000
Category,Home Appliances,2700287.88000000,1107301.56000000,-1592986.32000000
Category,"Music, Movies and Audio Books",1008971.45000000,566479.40000000,-442492.05000000
Category,TV and Video,1664768.48000000,882866.01000000,-781902.47000000
Store,01 · Australia · Australian Capital Territory,83345.18000000,59547.84000000,-23797.34000000
Store,04 · Australia · Tasmania,181319.47000000,34941.02000000,-146378.45000000
Store,05 · Australia · Victoria,277555.37000000,115533.80000000,-162021.57000000
Store,06 · Australia · Western Australia,146542.80000000,111147.00000000,-35395.80000000
Store,08 · Canada · Newfoundland and Labrador,344169.46000000,160783.21000000,-183386.25000000
Store,09 · Canada · Northwest Territories,433627.51000000,194642.34000000,-238985.17000000
Store,10 · Canada · Nunavut,351148.61000000,196229.14000000,-154919.47000000
Store,12 · France · Basse-Normandie,53193.33000000,54126.12000000,932.79000000
Store,13 · France · Corse,46260.47000000,37988.94000000,-8271.53000000
Store,14 · France · Franche-Comté,25694.46000000,19755.19000000,-5939.27000000
Store,15 · France · La Réunion,75094.30000000,41970.26000000,-33124.04000000
Store,16 · France · Limousin,62656.76000000,54601.44000000,-8055.32000000
Store,17 · France · Martinique,39113.11000000,34240.51000000,-4872.60000000
Store,18 · France · Mayotte,89756.71000000,21675.38000000,-68081.33000000
Store,19 · Germany · Berlin,162502.45000000,63005.84000000,-99496.61000000
Store,20 · Germany · Brandenburg,89306.76000000,0.00000000,-89306.76000000
Store,21 · Germany · Freie Hansestadt Bremen,236119.93000000,79077.78000000,-157042.15000000
Store,22 · Germany · Freistaat Thüringen,271521.30000000,77482.26000000,-194039.04000000
Store,23 · Germany · Hamburg,190784.22000000,102549.27000000,-88234.95000000
Store,24 · Germany · Hessen,184961.16000000,115336.70000000,-69624.46000000
Store,26 · Germany · Saarland,170160.62000000,97216.75000000,-72943.87000000
Store,27 · Germany · Sachsen-Anhalt,214439.51000000,88326.31000000,-126113.20000000
Store,29 · Italy · Enna,278462.89000000,121895.59000000,-156567.30000000
Store,30 · Italy · Pesaro,283358.34000000,138923.94000000,-144434.40000000
Store,31 · Netherlands · Drenthe,108981.54000000,52753.88000000,-56227.66000000
Store,32 · Netherlands · Flevoland,145191.95000000,63065.97000000,-82125.98000000
Store,33 · Netherlands · Friesland,132373.85000000,80749.14000000,-51624.71000000
Store,34 · Netherlands · Groningen,129759.50000000,53751.32000000,-76008.18000000
Store,36 · United Kingdom · Armagh,286993.68000000,130175.95000000,-156817.73000000
Store,37 · United Kingdom · Ayrshire,204682.65000000,118089.63000000,-86593.02000000
Store,38 · United Kingdom · Belfast,285114.75000000,151441.80000000,-133672.95000000
Store,39 · United Kingdom · Blaenau Gwent,338792.19000000,142362.65000000,-196429.54000000
Store,40 · United Kingdom · Dungannon and South Tyrone,289201.17000000,126625.84000000,-162575.33000000
Store,42 · United Kingdom · North Down,296544.55000000,129894.15000000,-166650.40000000
Store,43 · United States · Alaska,469094.42000000,263444.43000000,-205649.99000000
Store,44 · United States · Arkansas,374484.08000000,206960.59000000,-167523.49000000
Store,45 · United States · Connecticut,407442.50000000,276715.11000000,-130727.39000000
Store,47 · United States · Hawaii,410915.21000000,205304.34000000,-205610.87000000
Store,48 · United States · Idaho,321799.10000000,168947.73000000,-152851.37000000
Store,49 · United States · Iowa,472079.90000000,180614.20000000,-291465.70000000
Store,50 · United States · Kansas,373931.65000000,299135.14000000,-74796.51000000
Store,51 · United States · Maine,328628.79000000,225794.43000000,-102834.36000000
Store,53 · United States · Montana,330496.85000000,238202.13000000,-92294.72000000
Store,54 · United States · Nebraska,451311.90000000,231295.43000000,-220016.47000000
Store,55 · United States · Nevada,445442.20000000,233389.62000000,-212052.58000000
Store,56 · United States · New Hampshire,366900.74000000,190652.46000000,-176248.28000000
Store,57 · United States · New Mexico,452645.11000000,224025.18000000,-228619.93000000
Store,59 · United States · Oregon,438027.03000000,189830.74000000,-248196.29000000
Store,61 · United States · South Carolina,434038.17000000,207979.48000000,-226058.69000000
Store,62 · United States · South Dakota,321125.04000000,157563.76000000,-163561.28000000
Store,63 · United States · Utah,256113.60000000,0.00000000,-256113.60000000
Store,64 · United States · Washington DC,369857.81000000,239205.71000000,-130652.10000000
Store,65 · United States · West Virginia,377773.44000000,210601.92000000,-167171.52000000
Store,66 · United States · Wyoming,445048.69000000,205111.88000000,-239936.81000000
Store,Online,3908495.70000000,2069950.90000000,-1838544.80000000
Customer Country,Australia,890276.61000000,440656.55000000,-449620.06000000
Customer Country,Canada,1502227.97000000,749325.88000000,-752902.09000000
Customer Country,France,474990.53000000,325201.98000000,-149788.55000000
Customer Country,Germany,1874921.45000000,853010.75000000,-1021910.70000000
Customer Country,Italy,707836.08000000,307214.49000000,-400621.59000000
Customer Country,Netherlands,639132.95000000,344526.67000000,-294606.28000000
Customer Country,United Kingdom,2041930.51000000,1005734.79000000,-1036195.72000000
Customer Country,United States,10133066.38000000,5268961.03000000,-4864105.35000000
