Product,Country,Segment,Units Sold 2013,Gross Sales 2013,Discounts 2013,Sales 2013,COGS 2013,Profit 2013,Units Sold 2014,Gross Sales 2014,Discounts 2014,Sales 2014,COGS 2014,Profit 2014,Coverage,Price 2013,Price 2014,Volume effect,Realized price effect,Coverage effect,Sales change,Bridge check
Amarilla,Canada,Channel Partners,2761.0,33132.0,3975.84,29156.16,8283.0,20873.16,0.0,0.0,0.0,0.0,0.0,0.0,Exited coverage,10.56,0.0,0.0,0.0,-29156.16,-29156.16,0.0
Amarilla,Canada,Government,3006.0,1052100.0,46382.0,1005718.0,781560.0,224158.0,5828.0,733098.0,68580.26,664517.74,538610.0,125907.74,Matched,334.57019294743844,114.0215751544269,944157.0844976713,-1285357.3444976714,0.0,-341200.26,0.0
Amarilla,Canada,Midmarket,1743.0,26145.0,3660.3,22484.7,17430.0,5054.700000000001,0.0,0.0,0.0,0.0,0.0,0.0,Exited coverage,12.9,0.0,0.0,0.0,-22484.7,-22484.7,0.0
Amarilla,Canada,Small Business,0.0,0.0,0.0,0.0,0.0,0.0,1916.0,574800.0,11496.0,563304.0,479000.0,84304.0,New coverage,0.0,294.0,0.0,0.0,563304.0,563304.0,0.0
Amarilla,France,Channel Partners,306.0,3672.0,330.48,3341.52,918.0,2423.52,1393.0,16716.0,2340.24,14375.76,4179.0,10196.76,Matched,10.92,10.32,11870.039999999999,-835.7999999999995,0.0,11034.24,2.2737367544323206e-13
Amarilla,France,Government,3479.0,736421.0,44185.26,692235.74,546775.0,145460.74,5548.0,1037537.0,72534.78,965002.22,765825.0,199177.22,Matched,198.97549295774647,173.93695385724584,411680.29492957745,-138913.8149295775,0.0,272766.48,2.9103830456733704e-11
Amarilla,France,Midmarket,321.0,4815.0,48.15,4766.85,3210.0,1556.8500000000004,2072.0,31080.0,3108.0,27972.0,20720.0,7252.0,Matched,14.850000000000001,13.5,26002.350000000002,-2797.200000000003,0.0,23205.15,2.2737367544323206e-12
Amarilla,France,Small Business,0.0,0.0,0.0,0.0,0.0,0.0,853.0,255900.0,25590.0,230310.0,213250.0,17060.0,New coverage,0.0,270.0,0.0,0.0,230310.0,230310.0,0.0
Amarilla,Germany,Channel Partners,1770.0,21240.0,2761.2,18478.8,5310.0,13168.8,472.0,5664.0,623.04,5040.96,1416.0,3624.96,Matched,10.44,10.68,-13551.119999999999,113.2800000000001,0.0,-13437.84,-1.2647660696529783e-12
Amarilla,Germany,Enterprise,994.0,124250.0,8697.5,115552.5,119280.0,-3727.5,0.0,0.0,0.0,0.0,0.0,0.0,Exited coverage,116.25,0.0,0.0,0.0,-115552.5,-115552.5,0.0
Amarilla,Germany,Government,4125.0,1046213.0,21167.65,1025045.35,776955.0,248090.35,3427.0,697850.0,29130.0,668720.0,511020.0,157700.0,Matched,248.49584242424243,195.13276918587687,-173450.09801212122,-182875.25198787876,0.0,-356325.35,0.0
Amarilla,Germany,Midmarket,970.0,14550.0,1309.5,13240.5,9700.0,3540.5,711.0,10665.0,853.2,9811.8,7110.0,2701.7999999999993,Matched,13.65,13.799999999999999,-3535.35,106.64999999999898,0.0,-3428.7000000000007,1.9895196601282805e-13
Amarilla,Germany,Small Business,0.0,0.0,0.0,0.0,0.0,0.0,1250.0,375000.0,18750.0,356250.0,312500.0,43750.0,New coverage,0.0,285.0,0.0,0.0,356250.0,356250.0,0.0
Amarilla,Mexico,Channel Partners,1375.0,16500.0,1320.0,15180.0,4125.0,11055.0,410.0,4920.0,639.6,4280.4,1230.0,3050.3999999999996,Matched,11.04,10.44,-10653.599999999999,-245.99999999999986,0.0,-10899.6,-1.9610979506978765e-12
Amarilla,Mexico,Enterprise,947.0,118375.0,13021.25,105353.75,113640.0,-8286.25,0.0,0.0,0.0,0.0,0.0,0.0,Exited coverage,111.25,0.0,0.0,0.0,-105353.75,-105353.75,0.0
Amarilla,Mexico,Government,2071.0,132489.0,14936.46,117552.54000000001,98075.0,19477.54,3373.0,621530.0,38308.2,583221.8,453480.0,129741.8,Matched,56.761245774987934,172.90892380670027,73903.14199903428,391766.1180009657,0.0,465669.26,5.820766091346741e-11
Amarilla,Mexico,Midmarket,1870.0,28050.0,3927.0,24123.0,18700.0,5423.0,2157.0,32355.0,3559.05,28795.95,21570.0,7225.950000000001,Matched,12.9,13.35,3702.3,970.6499999999985,0.0,4672.950000000001,2.0463630789890885e-12
Amarilla,Mexico,Small Business,0.0,0.0,0.0,0.0,0.0,0.0,1181.0,354300.0,39810.0,314490.0,295250.0,19240.0,New coverage,0.0,266.2912785774767,0.0,0.0,314490.0,314490.0,0.0
Amarilla,United States of America,Channel Partners,4004.0,48048.0,3623.8799999999997,44424.119999999995,12012.0,32412.12,2914.0,34968.0,4895.52,30072.48,8742.0,21330.48,Matched,11.094935064935063,10.32,-12093.479220779218,-2258.160779220773,0.0,-14351.639999999996,-5.002220859751105e-12
Amarilla,United States of America,Government,727.0,254450.0,15267.0,239183.0,189020.0,50163.0,4450.0,757571.0,65730.9,691840.1,556535.0,135305.1,Matched,329.0,155.46968539325843,1224867.0,-772209.9,0.0,452657.1,0.0
Amarilla,United States of America,Midmarket,3219.0,48285.0,4989.0,43296.0,32190.0,11105.999999999998,615.0,9225.0,0.0,9225.0,6150.0,3075.0,Matched,13.45013979496738,15.0,-35024.16402609506,953.1640260950608,0.0,-34071.0,-1.8189894035458565e-12
Amarilla,United States of America,Small Business,0.0,0.0,0.0,0.0,0.0,0.0,1372.0,411600.0,28812.0,382788.0,343000.0,39788.0,New coverage,0.0,279.0,0.0,0.0,382788.0,382788.0,0.0
Carretera,Canada,Channel Partners,3207.0,38484.0,1982.1599999999999,36501.840000000004,9621.0,26880.840000000004,2740.0,32880.0,484.20000000000005,32395.8,8220.0,24175.800000000003,Matched,11.381927034611788,11.823284671532846,-5315.359925163705,1209.3199251636993,0.0,-4106.0400000000045,1.3642420526593924e-12
Carretera,Canada,Enterprise,2416.0,302000.0,36240.0,265760.0,289920.0,-24160.0,0.0,0.0,0.0,0.0,0.0,0.0,Exited coverage,110.0,0.0,0.0,0.0,-265760.0,-265760.0,0.0
Carretera,Canada,Government,2851.0,19957.0,798.28,19158.72,14255.0,4903.720000000001,2852.0,998200.0,19964.0,978236.0,741520.0,236716.0,Matched,6.720000000000001,343.0,6.720000000000001,959070.5599999999,0.0,959077.28,1.1641532182693481e-10
Carretera,Canada,Midmarket,1560.0,23400.0,2574.0,20826.0,15600.0,5226.0,4989.0,74835.0,9670.2,65164.8,49890.0,15274.800000000003,Matched,13.35,13.061695730607337,45777.15,-1438.3499999999956,0.0,44338.8,-2.9558577807620168e-12
Carretera,Canada,Small Business,0.0,0.0,0.0,0.0,0.0,0.0,1496.0,448800.0,62832.0,385968.0,374000.0,11968.0,New coverage,0.0,258.0,0.0,0.0,385968.0,385968.0,0.0
Carretera,France,Channel Partners,1198.0,14376.0,1581.36,12794.64,3594.0,9200.64,2671.0,32052.0,320.52,31731.48,8013.0,23718.48,Matched,10.68,11.879999999999999,15731.64,3205.199999999998,0.0,18936.84,2.7284841053187847e-12
Carretera,France,Enterprise,2505.0,313125.0,36427.5,276697.5,300600.0,-23902.5,2441.0,305125.0,33563.75,271561.25,292920.0,-21358.75,Matched,110.45808383233533,111.25,-7069.317365269461,1933.0673652694513,0.0,-5136.25,1.000444171950221e-11
Carretera,France,Government,2145.0,15015.0,300.3,14714.7,10725.0,3989.7000000000007,4642.0,771659.0,8412.95,763246.05,572735.0,190511.05,Matched,6.86,164.4218117190866,17129.420000000002,731401.9299999999,0.0,748531.3500000001,1.1641532182693481e-10
Carretera,France,Midmarket,0.0,0.0,0.0,0.0,0.0,0.0,490.0,7350.0,588.0,6762.0,4900.0,1862.0,New coverage,0.0,13.8,0.0,0.0,6762.0,6762.0,0.0
Carretera,France,Small Business,0.0,0.0,0.0,0.0,0.0,0.0,2181.0,654300.0,45801.0,608499.0,545250.0,63249.0,New coverage,0.0,279.0,0.0,0.0,608499.0,608499.0,0.0
Carretera,Germany,Channel Partners,766.0,9192.0,91.92,9100.08,2298.0,6802.08,1580.0,18960.0,1706.4,17253.6,4740.0,12513.6,Matched,11.88,10.92,9670.320000000002,-1516.8000000000013,0.0,8153.519999999999,-1.5916157281026244e-12
Carretera,Germany,Enterprise,887.0,110875.0,6652.5,104222.5,106440.0,-2217.5,1085.0,135625.0,20343.75,115281.25,130200.0,-14918.75,Matched,117.5,106.25,23265.0,-12206.25,0.0,11058.75,0.0
Carretera,Germany,Government,1458.0,15952.0,1504.8000000000002,14447.2,9500.0,4947.2,1793.0,531510.0,274.4,531235.6,394780.0,136455.6,Matched,9.90891632373114,296.2831009481316,3319.4869684499317,513468.91303155007,0.0,516788.39999999997,-5.820766091346741e-11
Carretera,Germany,Midmarket,0.0,0.0,0.0,0.0,0.0,0.0,1513.0,22695.0,3177.3,19517.7,15130.0,4387.700000000001,New coverage,0.0,12.9,0.0,0.0,19517.7,19517.7,0.0
Carretera,Germany,Small Business,214.0,64200.0,1284.0,62916.0,53500.0,9416.0,2021.0,606300.0,24252.0,582048.0,505250.0,76798.0,Matched,294.0,288.0,531258.0,-12126.0,0.0,519132.0,0.0
Carretera,Mexico,Channel Partners,367.0,4404.0,396.36,4007.64,1101.0,2906.64,562.0,6744.0,404.64,6339.36,1686.0,4653.36,Matched,10.92,11.28,2129.4,202.31999999999968,0.0,2331.72,2.842170943040401e-14
Carretera,Mexico,Enterprise,2821.0,352625.0,49367.5,303257.5,338520.0,-35262.5,2156.0,269500.0,32340.0,237160.0,258720.0,-21560.0,Matched,107.5,110.0,-71487.5,5390.0,0.0,-66097.5,0.0
Carretera,Mexico,Government,4540.0,55622.0,4651.219999999999,50970.78,31870.0,19100.78,3280.0,969297.0,43353.73,925943.27,719945.0,205998.27,Matched,11.227044052863436,282.2997774390244,-14146.07550660793,889118.565506608,0.0,874972.49,-1.1641532182693481e-10
Carretera,Mexico,Midmarket,0.0,0.0,0.0,0.0,0.0,0.0,2791.0,41865.0,2093.25,39771.75,27910.0,11861.75,New coverage,0.0,14.25,0.0,0.0,39771.75,39771.75,0.0
Carretera,Mexico,Small Business,494.0,148200.0,1482.0,146718.0,123500.0,23218.0,0.0,0.0,0.0,0.0,0.0,0.0,Exited coverage,297.0,0.0,0.0,0.0,-146718.0,-146718.0,0.0
Carretera,United States of America,Channel Partners,386.0,4632.0,463.2,4168.8,1158.0,3010.8,1947.0,23364.0,700.92,22663.08,5841.0,16822.08,Matched,10.8,11.64,16858.800000000003,1635.4799999999998,0.0,18494.280000000002,-2.2737367544323206e-13
Carretera,United States of America,Enterprise,330.0,41250.0,412.5,40837.5,39600.0,1237.5,0.0,0.0,0.0,0.0,0.0,0.0,Exited coverage,123.75,0.0,0.0,0.0,-40837.5,-40837.5,0.0
Carretera,United States of America,Government,3259.0,22813.0,3046.54,19766.46,16295.0,3471.459999999998,844.0,99890.0,4035.5,95854.5,74090.0,21764.5,Matched,6.065191776618595,113.57168246445498,-14647.438140533906,90735.47814053392,0.0,76088.04000000001,0.0
Carretera,United States of America,Midmarket,0.0,0.0,0.0,0.0,0.0,0.0,2030.0,30450.0,1827.0,28623.0,20300.0,8323.0,New coverage,0.0,14.1,0.0,0.0,28623.0,28623.0,0.0
Carretera,United States of America,Small Business,0.0,0.0,0.0,0.0,0.0,0.0,1010.0,303000.0,42420.0,260580.0,252500.0,8080.0,New coverage,0.0,258.0,0.0,0.0,260580.0,260580.0,0.0
Montana,Canada,Channel Partners,0.0,0.0,0.0,0.0,0.0,0.0,2321.0,27852.0,2506.68,25345.32,6963.0,18382.32,New coverage,0.0,10.92,0.0,0.0,25345.32,25345.32,0.0
Montana,Canada,Enterprise,345.0,43125.0,0.0,43125.0,41400.0,1725.0,0.0,0.0,0.0,0.0,0.0,0.0,Exited coverage,125.0,0.0,0.0,0.0,-43125.0,-43125.0,0.0
Montana,Canada,Government,4462.0,31234.0,1813.21,29420.79,22310.0,7110.790000000001,4371.0,46834.0,5924.2,40909.799999999996,28100.0,12809.8,Matched,6.593632900044823,9.35936856554564,-600.0205939040789,12089.030593904074,0.0,11489.009999999995,0.0
Montana,Canada,Midmarket,0.0,0.0,0.0,0.0,0.0,0.0,2300.0,34500.0,4830.0,29670.0,23000.0,6670.0,New coverage,0.0,12.9,0.0,0.0,29670.0,29670.0,0.0
Montana,Canada,Small Business,1283.0,384900.0,30792.0,354108.0,320750.0,33358.0,0.0,0.0,0.0,0.0,0.0,0.0,Exited coverage,276.0,0.0,0.0,0.0,-354108.0,-354108.0,0.0
Montana,France,Channel Partners,0.0,0.0,0.0,0.0,0.0,0.0,2342.0,28104.0,1967.28,26136.72,7026.0,19110.72,New coverage,0.0,11.16,0.0,0.0,26136.72,26136.72,0.0
Montana,France,Enterprise,1857.0,232125.0,20891.25,211233.75,222840.0,-11606.25,1287.0,160875.0,4826.25,156048.75,154440.0,1608.75,Matched,113.75,121.25,-64837.5,9652.5,0.0,-55185.0,0.0
Montana,France,Government,3160.0,44961.0,2697.66,42263.34,24585.0,17678.34,2520.0,43328.0,2880.64,40447.36,22480.0,17967.36,Matched,13.374474683544303,16.050539682539682,-8559.663797468354,6743.683797468355,0.0,-1815.979999999996,3.637978807091713e-12
Montana,France,Midmarket,0.0,0.0,0.0,0.0,0.0,0.0,2072.0,31080.0,3108.0,27972.0,20720.0,7252.0,New coverage,0.0,13.5,0.0,0.0,27972.0,27972.0,0.0
Montana,France,Small Business,1508.0,452400.0,51390.0,401010.0,377000.0,24010.0,2181.0,654300.0,45801.0,608499.0,545250.0,63249.0,Matched,265.92175066312996,279.0,178965.33819628647,28523.661803713567,0.0,207489.0,-3.2741809263825417e-11
Montana,Germany,Channel Partners,0.0,0.0,0.0,0.0,0.0,0.0,2342.0,28104.0,1405.2,26698.8,7026.0,19672.8,New coverage,0.0,11.4,0.0,0.0,26698.8,26698.8,0.0
Montana,Germany,Enterprise,2500.0,312500.0,21875.0,290625.0,300000.0,-9375.0,1706.0,213250.0,6397.5,206852.5,204720.0,2132.5,Matched,116.25,121.25,-92302.5,8530.0,0.0,-83772.5,0.0
Montana,Germany,Government,5948.0,696903.0,25856.55,671046.45,502935.0,168111.45,2146.0,15022.0,0.0,15022.0,10730.0,4292.0,Matched,112.818838264963,7.0,-428937.22308338934,-227087.2269166106,0.0,-656024.45,0.0
Montana,Germany,Midmarket,0.0,0.0,0.0,0.0,0.0,0.0,711.0,10665.0,853.2,9811.8,7110.0,2701.7999999999993,New coverage,0.0,13.799999999999999,0.0,0.0,9811.8,9811.8,0.0
Montana,Germany,Small Business,334.0,100200.0,9018.0,91182.0,83500.0,7682.0,2021.0,606300.0,24252.0,582048.0,505250.0,76798.0,Matched,273.0,288.0,460551.0,30315.0,0.0,490866.0,0.0
Montana,Mexico,Channel Partners,0.0,0.0,0.0,0.0,0.0,0.0,690.0,8280.0,165.6,8114.4,2070.0,6044.4,New coverage,0.0,11.76,0.0,0.0,8114.4,8114.4,0.0
Montana,Mexico,Enterprise,1660.0,207500.0,4150.0,203350.0,199200.0,4150.0,1138.0,142250.0,5690.0,136560.0,136560.0,0.0,Matched,122.5,120.0,-63945.0,-2845.0,0.0,-66790.0,0.0
Montana,Mexico,Government,4162.0,298389.0,18408.46,279980.54,212985.0,66995.54000000001,2420.0,16940.0,2032.8,14907.2,12100.0,2807.2000000000007,Matched,67.2706727534839,6.16,-117185.51193656895,-147887.82806343102,0.0,-265073.33999999997,0.0
Montana,Mexico,Midmarket,0.0,0.0,0.0,0.0,0.0,0.0,4188.0,62820.0,4777.65,58042.350000000006,41880.0,16162.350000000002,New coverage,0.0,13.859204871060173,0.0,0.0,58042.350000000006,58042.350000000006,0.0
Montana,Mexico,Small Business,1100.0,330000.0,16500.0,313500.0,275000.0,38500.0,546.0,163800.0,24570.0,139230.0,136500.0,2730.0,Matched,285.0,255.0,-157890.0,-16380.0,0.0,-174270.0,0.0
Montana,United States of America,Channel Partners,0.0,0.0,0.0,0.0,0.0,0.0,2723.0,32676.0,1960.56,30715.44,8169.0,22546.44,New coverage,0.0,11.28,0.0,0.0,30715.44,30715.44,0.0
Montana,United States of America,Enterprise,2467.0,308375.0,23378.75,284996.25,296040.0,-11043.75,2797.0,349625.0,31466.25,318158.75,335640.0,-17481.25,Matched,115.52340899878395,113.75,38122.724969598705,-4960.2249695987075,0.0,33162.5,2.7284841053187847e-12
Montana,United States of America,Government,2996.0,20972.0,2936.08,18035.92,14980.0,3055.9199999999983,3894.0,47616.0,2256.0,45360.0,27300.0,18060.0,Matched,6.02,11.64869029275809,5405.96,21918.120000000003,0.0,27324.08,0.0
Montana,United States of America,Midmarket,0.0,0.0,0.0,0.0,0.0,0.0,615.0,9225.0,0.0,9225.0,6150.0,3075.0,New coverage,0.0,15.0,0.0,0.0,9225.0,9225.0,0.0
Montana,United States of America,Small Business,2498.0,749400.0,7494.0,741906.0,624500.0,117406.0,0.0,0.0,0.0,0.0,0.0,0.0,Exited coverage,297.0,0.0,0.0,0.0,-741906.0,-741906.0,0.0
Paseo,Canada,Channel Partners,4521.0,54252.0,5388.24,48863.76,13563.0,35300.76,3726.0,44712.0,1769.3999999999999,42942.600000000006,11178.0,31764.600000000002,Matched,10.808175182481753,11.525120772946861,-8592.499270072993,2671.339270072995,0.0,-5921.159999999996,1.3642420526593924e-12
Paseo,Canada,Enterprise,0.0,0.0,0.0,0.0,0.0,0.0,4738.0,592250.0,14356.25,577893.75,568560.0,9333.75,New coverage,0.0,121.96997678345294,0.0,0.0,577893.75,577893.75,0.0
Paseo,Canada,Government,8493.0,1113813.0,25503.15,1088309.85,811435.0,276874.85,8692.0,1346000.0,59170.6,1286829.4,974920.0,311909.4,Matched,128.1419816319322,148.04756097560974,25500.254344754507,173019.29565524522,0.0,198519.5499999998,8.731149137020111e-11
Paseo,Canada,Midmarket,6365.0,95475.0,8847.3,86627.7,63650.0,22977.7,1783.0,26745.0,3182.55,23562.45,17830.0,5732.45,Matched,13.610007855459545,13.21505888951206,-62361.055993715636,-704.1940062843657,0.0,-63065.25,1.5916157281026244e-12
Paseo,Canada,Small Business,1404.0,421200.0,29484.0,391716.0,351000.0,40716.0,3282.0,984600.0,56574.0,928026.0,820500.0,107526.0,Matched,279.0,282.76234003656305,523962.0,12347.999999999916,0.0,536310.0,8.36735125631094e-11
Paseo,France,Channel Partners,2983.0,35796.0,2009.7599999999998,33786.24,8949.0,24837.239999999998,2448.0,29376.0,2593.4399999999996,26782.559999999998,7344.0,19438.559999999998,Matched,11.326262152195776,10.940588235294117,-6059.55025142474,-944.1297485752617,0.0,-7003.68,1.4779288903810084e-12
Paseo,France,Enterprise,704.0,88000.0,4400.0,83600.0,84480.0,-880.0,3728.0,466000.0,38390.0,427610.0,447360.0,-19750.0,Matched,118.75,114.70225321888412,359100.0,-15089.999999999985,0.0,344010.0,-1.4551915228366852e-11
Paseo,France,Government,6846.0,730009.0,97539.19,632469.81,533125.0,99344.81,7308.0,1360827.0,79214.88,1281612.12,1001675.0,279937.12,Matched,92.38530674846626,175.37111658456487,42682.011717791414,606460.2982822086,0.0,649142.31,0.0
Paseo,France,Midmarket,4977.0,74655.0,4607.1,70047.9,49770.0,20277.9,3847.0,57705.0,3621.45,54083.55,38470.0,15613.55,Matched,14.074321880650993,14.058630101377698,-15903.983725135622,-60.366274864366346,0.0,-15964.349999999991,-2.8421709430404007e-12
Paseo,France,Small Business,0.0,0.0,0.0,0.0,0.0,0.0,1324.0,397200.0,35748.0,361452.0,331000.0,30452.0,New coverage,0.0,273.0,0.0,0.0,361452.0,361452.0,0.0
Paseo,Germany,Channel Partners,2541.0,30492.0,2008.92,28483.08,7623.0,20860.08,1013.0,12156.0,1580.28,10575.72,3039.0,7536.719999999999,Matched,11.20939787485242,10.44,-17127.959952774498,-779.4000472255027,0.0,-17907.36,-2.2737367544323206e-13
Paseo,Germany,Enterprise,809.0,101125.0,2022.5,99102.5,97080.0,2022.5,2791.0,348875.0,26741.25,322133.75,334920.0,-12786.25,Matched,122.5,115.41875671802221,242795.0,-19763.750000000015,0.0,223031.25,1.4551915228366852e-11
Paseo,Germany,Government,9672.0,842678.0,69060.69,773617.3099999999,610550.0,163067.31,5936.0,731140.0,23721.1,707418.9,525060.0,182358.9,Matched,79.98524710504549,119.17434299191375,-298824.8831844499,232626.47318444998,0.0,-66198.40999999992,2.9103830456733704e-11
Paseo,Germany,Midmarket,4061.0,60915.0,2462.25,58452.75,40610.0,17842.75,1922.0,28830.0,2755.8,26074.2,19220.0,6854.200000000001,Matched,14.393683821718788,13.566181061394381,-30788.08969465649,-1590.46030534351,0.0,-32378.55,6.821210263296962e-13
Paseo,Germany,Small Business,1123.0,336900.0,23583.0,313317.0,280750.0,32567.0,1359.0,407700.0,48924.0,358776.0,339750.0,19026.0,Matched,279.0,264.0,65844.0,-20385.0,0.0,45459.0,0.0
Paseo,Mexico,Channel Partners,3130.0,37560.0,2717.28,34842.72,9390.0,25452.72,1084.0,13008.0,260.16,12747.84,3252.0,9495.84,Matched,11.131859424920128,11.76,-22775.78438338658,680.9043833865811,0.0,-22094.88,-1.2505552149377763e-12
Paseo,Mexico,Enterprise,2145.0,268125.0,5362.5,262762.5,257400.0,5362.5,3294.0,411750.0,38030.0,373720.0,395280.0,-21560.0,Matched,122.5,113.45476624165148,140752.5,-29795.00000000001,0.0,110957.5,1.0913936421275139e-11
Paseo,Mexico,Government,7572.0,813092.0,118502.86,694589.14,594940.0,99649.14,10379.0,1017093.0,99271.15,917821.85,730095.0,187726.84999999998,Matched,91.73126518753301,88.4306628769631,257489.66138140517,-34256.95138140514,0.0,223232.70999999996,-6.548361852765083e-11
Paseo,Mexico,Midmarket,1894.0,28410.0,1592.4,26817.6,18940.0,7877.5999999999985,4503.0,67545.0,1218.6,66326.4,45030.0,21296.4,Matched,14.15923970432946,14.72938041305796,36941.45638859556,2567.3436114044366,0.0,39508.799999999996,1.3642420526593924e-12
Paseo,Mexico,Small Business,788.0,236400.0,0.0,236400.0,197000.0,39400.0,2150.0,645000.0,77400.0,567600.0,537500.0,30100.0,Matched,300.0,264.0,408600.0,-77400.0,0.0,331200.0,0.0
Paseo,United States of America,Channel Partners,1298.0,15576.0,463.2,15112.8,3894.0,11218.8,3828.0,45936.0,6540.72,39395.28,11484.0,27911.28,Matched,11.643143297380584,10.291347962382444,29457.152542372878,-5174.672542372881,0.0,24282.48,2.7284841053187847e-12
Paseo,United States of America,Enterprise,0.0,0.0,0.0,0.0,0.0,0.0,3658.0,457250.0,36847.5,420402.5,438960.0,-18557.5,New coverage,0.0,114.9268726079825,0.0,0.0,420402.5,420402.5,0.0
Paseo,United States of America,Government,5394.0,978991.0,122009.92,856981.08,725475.0,131506.08000000002,6313.0,590231.0,65016.8,525214.2,420165.0,105049.2,Matched,158.8767296996663,83.1956597497228,146007.71459399333,-477774.59459399333,0.0,-331766.88,0.0
Paseo,United States of America,Midmarket,5527.0,82905.0,4057.65,78847.35,55270.0,23577.349999999995,2920.0,43800.0,4748.4,39051.6,29200.0,9851.599999999999,Matched,14.26584946625656,13.373835616438356,-37191.06955853085,-2604.680441469155,0.0,-39795.75000000001,-2.7284841053187847e-12
Paseo,United States of America,Small Business,0.0,0.0,0.0,0.0,0.0,0.0,2905.0,871500.0,8715.0,862785.0,726250.0,136535.0,New coverage,0.0,297.0,0.0,0.0,862785.0,862785.0,0.0
VTT,Canada,Enterprise,2954.0,369250.0,55387.5,313862.5,354480.0,-40617.5,5258.0,657250.0,38435.0,618815.0,630960.0,-12145.0,Matched,106.25,117.690186382655,244800.0,60152.49999999999,0.0,304952.5,7.275957614183426e-12
VTT,Canada,Government,4947.0,304530.0,34012.0,270518.0,205220.0,65298.0,3399.0,47414.0,775.18,46638.82,26080.0,20558.82,Matched,54.68324236911259,13.721335686966755,-84649.65918738629,-139229.52081261371,0.0,-223879.18,0.0
VTT,Canada,Midmarket,0.0,0.0,0.0,0.0,0.0,0.0,1565.0,23475.0,3051.75,20423.25,15650.0,4773.25,New coverage,0.0,13.05,0.0,0.0,20423.25,20423.25,0.0
VTT,Canada,Small Business,2705.0,811500.0,55146.0,756354.0,676250.0,80104.0,3630.0,1089000.0,114048.0,974952.0,907500.0,67452.0,Matched,279.61330868761553,268.58181818181816,258642.31053604436,-40044.31053604443,0.0,218598.0,7.275957614183426e-11
VTT,France,Channel Partners,2234.0,26808.0,2412.72,24395.28,6702.0,17693.28,0.0,0.0,0.0,0.0,0.0,0.0,Exited coverage,10.92,0.0,0.0,0.0,-24395.28,-24395.28,0.0
VTT,France,Enterprise,0.0,0.0,0.0,0.0,0.0,0.0,1744.0,218000.0,2180.0,215820.0,209280.0,6540.0,New coverage,0.0,123.75,0.0,0.0,215820.0,215820.0,0.0
VTT,France,Government,5490.0,1036440.0,67596.6,968843.4,756900.0,211943.4,4957.0,785219.0,32227.45,752991.55,581385.0,171606.55,Matched,176.47420765027323,151.90469033689732,-94060.75267759564,-121791.0973224044,0.0,-215851.84999999998,5.820766091346741e-11
VTT,France,Midmarket,2167.0,32505.0,3250.5,29254.5,21670.0,7584.5,1227.0,18405.0,1656.45,16748.55,12270.0,4478.549999999999,Matched,13.5,13.649999999999999,-12690.0,184.04999999999825,0.0,-12505.95,1.0231815394945443e-12
VTT,France,Small Business,1221.0,366300.0,21978.0,344322.0,305250.0,39072.0,2151.0,645300.0,0.0,645300.0,537750.0,107550.0,Matched,282.0,300.0,262260.0,38718.0,0.0,300978.0,0.0
VTT,Germany,Channel Partners,2215.0,26580.0,1860.6,24719.4,6645.0,18074.4,0.0,0.0,0.0,0.0,0.0,0.0,Exited coverage,11.16,0.0,0.0,0.0,-24719.4,-24719.4,0.0
VTT,Germany,Enterprise,0.0,0.0,0.0,0.0,0.0,0.0,552.0,69000.0,10350.0,58650.0,66240.0,-7590.0,New coverage,0.0,106.25,0.0,0.0,58650.0,58650.0,0.0
VTT,Germany,Government,4167.0,700440.0,67747.0,632693.0,509170.0,123523.0,5048.0,1042050.0,24314.6,1017735.4,766530.0,251205.4,Matched,151.83417326613872,201.6116085578447,133765.90664746822,251276.4933525318,0.0,385042.4,0.0
VTT,Germany,Midmarket,1945.0,29175.0,875.25,28299.75,19450.0,8849.75,1175.0,17625.0,2643.75,14981.25,11750.0,3231.25,Matched,14.55,12.75,-11203.5,-2115.000000000001,0.0,-13318.5,9.094947017729282e-13
VTT,Germany,Small Business,214.0,64200.0,1284.0,62916.0,53500.0,9416.0,986.0,295800.0,2958.0,292842.0,246500.0,46342.0,Matched,294.0,297.0,226968.0,2958.0,0.0,229926.0,0.0
VTT,Mexico,Channel Partners,1005.0,12060.0,1326.6,10733.4,3015.0,7718.4,0.0,0.0,0.0,0.0,0.0,0.0,Exited coverage,10.68,0.0,0.0,0.0,-10733.4,-10733.4,0.0
VTT,Mexico,Enterprise,0.0,0.0,0.0,0.0,0.0,0.0,877.0,109625.0,9866.25,99758.75,105240.0,-5481.25,New coverage,0.0,113.75,0.0,0.0,99758.75,99758.75,0.0
VTT,Mexico,Government,3063.0,701460.0,14927.6,686532.4,515630.0,170902.4,5840.0,536080.0,9118.08,526961.92,391600.0,135361.91999999998,Matched,224.13725106105127,90.23320547945207,622429.1461965394,-781999.6261965394,0.0,-159570.47999999998,0.0
VTT,Mexico,Midmarket,1514.0,22710.0,908.4,21801.6,15140.0,6661.5999999999985,0.0,0.0,0.0,0.0,0.0,0.0,Exited coverage,14.399999999999999,0.0,0.0,0.0,-21801.6,-21801.6,0.0
VTT,Mexico,Small Business,494.0,148200.0,1482.0,146718.0,123500.0,23218.0,432.0,129600.0,12960.0,116640.0,108000.0,8640.0,Matched,297.0,270.0,-18414.0,-11664.0,0.0,-30078.0,0.0
VTT,United States of America,Enterprise,0.0,0.0,0.0,0.0,0.0,0.0,2387.0,298375.0,35805.0,262570.0,286440.0,-23870.0,New coverage,0.0,110.0,0.0,0.0,262570.0,262570.0,0.0
VTT,United States of America,Government,2147.0,245890.0,8814.0,237076.0,175220.0,61856.0,4219.0,402350.0,44274.5,358075.5,285840.0,72235.5,Matched,110.4219841639497,84.87212609623134,228794.35118770378,-107794.85118770377,0.0,120999.5,-1.4551915228366852e-11
VTT,United States of America,Midmarket,0.0,0.0,0.0,0.0,0.0,0.0,1153.0,17295.0,1037.7,16257.3,11530.0,4727.299999999999,New coverage,0.0,14.1,0.0,0.0,16257.3,16257.3,0.0
VTT,United States of America,Small Business,3102.0,930600.0,88212.0,842388.0,775500.0,66888.0,2877.0,863100.0,92829.0,770271.0,719250.0,51021.0,Matched,271.56286266924565,267.73409801876954,-61101.64410058027,-11015.355899419748,0.0,-72117.0,1.8189894035458565e-11
Velo,Canada,Channel Partners,0.0,0.0,0.0,0.0,0.0,0.0,2431.0,29172.0,1458.6,27713.4,7293.0,20420.4,New coverage,0.0,11.4,0.0,0.0,27713.4,27713.4,0.0
Velo,Canada,Enterprise,2261.0,282625.0,23950.0,258675.0,271320.0,-12645.0,2576.0,322000.0,13912.5,308087.5,309120.0,-1032.5,Matched,114.40734188412208,119.5991847826087,36038.312693498454,13374.18730650155,0.0,49412.5,-3.637978807091713e-12
Velo,Canada,Government,4738.0,67564.0,2263.2400000000002,65300.759999999995,36920.0,28380.759999999995,4659.0,467880.0,42140.840000000004,425739.16000000003,346890.0,78849.16,Matched,13.78234698184888,91.37994419403306,-1088.8054115660616,361527.20541156613,0.0,360438.4,-5.820766091346741e-11
Velo,Canada,Small Business,269.0,80700.0,11298.0,69402.0,67250.0,2152.0,0.0,0.0,0.0,0.0,0.0,0.0,Exited coverage,258.0,0.0,0.0,0.0,-69402.0,-69402.0,0.0
Velo,France,Channel Partners,0.0,0.0,0.0,0.0,0.0,0.0,1055.0,12660.0,253.2,12406.8,3165.0,9241.8,New coverage,0.0,11.76,0.0,0.0,12406.8,12406.8,0.0
Velo,France,Enterprise,704.0,88000.0,4400.0,83600.0,84480.0,-880.0,663.0,82875.0,12431.25,70443.75,79560.0,-9116.25,Matched,118.75,106.25,-4868.75,-8287.5,0.0,-13156.25,0.0
Velo,France,Government,5914.0,803360.0,50800.0,752560.0,578140.0,174420.0,4792.0,805943.0,33289.13,772653.87,588975.0,183678.87,Matched,127.25059181602975,161.2382867278798,-142775.1640175854,162869.0340175854,0.0,20093.869999999995,0.0
Velo,France,Small Business,1607.0,482100.0,31242.0,450858.0,401750.0,49108.0,853.0,255900.0,25590.0,230310.0,213250.0,17060.0,Matched,280.5588052271313,270.0,-211541.339141257,-9006.660858743,0.0,-220548.0,-9.094947017729282e-12
Velo,Germany,Channel Partners,0.0,0.0,0.0,0.0,0.0,0.0,1485.0,17820.0,2203.3199999999997,15616.68,4455.0,11161.68,New coverage,0.0,10.51628282828283,0.0,0.0,15616.68,15616.68,0.0
Velo,Germany,Enterprise,809.0,101125.0,2022.5,99102.5,97080.0,2022.5,2087.0,260875.0,18261.25,242613.75,250440.0,-7826.25,Matched,122.5,116.25,156555.0,-13043.75,0.0,143511.25,0.0
Velo,Germany,Government,3554.0,1049860.0,21585.2,1028274.8,777040.0,251234.8,5783.0,1030425.0,22486.5,1007938.5,763755.0,244183.5,Matched,289.3288688801351,174.29335984782983,644914.0487338211,-665250.3487338212,0.0,-20336.300000000047,0.0
Velo,Germany,Midmarket,660.0,9900.0,1287.0,8613.0,6600.0,2013.0,0.0,0.0,0.0,0.0,0.0,0.0,Exited coverage,13.05,0.0,0.0,0.0,-8613.0,-8613.0,0.0
Velo,Germany,Small Business,2536.0,760800.0,106512.0,654288.0,634000.0,20288.0,1250.0,375000.0,18750.0,356250.0,312500.0,43750.0,Matched,258.0,285.0,-331788.0,33750.0,0.0,-298038.0,0.0
Velo,Mexico,Channel Partners,0.0,0.0,0.0,0.0,0.0,0.0,1494.0,17928.0,899.76,17028.239999999998,4482.0,12546.24,New coverage,0.0,11.397751004016063,0.0,0.0,17028.239999999998,17028.239999999998,0.0
Velo,Mexico,Enterprise,2145.0,268125.0,5362.5,262762.5,257400.0,5362.5,2110.0,263750.0,23737.5,240012.5,253200.0,-13187.5,Matched,122.5,113.75,-4287.5,-18462.5,0.0,-22750.0,0.0
Velo,Mexico,Government,888.0,131280.0,13461.6,117818.4,94880.0,22938.4,2238.0,27431.0,2731.86,24699.14,15715.0,8984.14,Matched,132.67837837837837,11.036255585344056,179115.8108108108,-272235.0708108108,0.0,-93119.26,0.0
Velo,Mexico,Midmarket,655.0,9825.0,1080.75,8744.25,6550.0,2194.25,0.0,0.0,0.0,0.0,0.0,0.0,Exited coverage,13.35,0.0,0.0,0.0,-8744.25,-8744.25,0.0
Velo,Mexico,Small Business,2605.0,781500.0,101595.0,679905.0,651250.0,28655.0,635.0,190500.0,15240.0,175260.0,158750.0,16510.0,Matched,261.0,276.0,-514170.0,9525.0,0.0,-504645.0,0.0
Velo,United States of America,Channel Partners,0.0,0.0,0.0,0.0,0.0,0.0,914.0,10968.0,1645.2,9322.8,2742.0,6580.799999999999,New coverage,0.0,10.2,0.0,0.0,9322.8,9322.8,0.0
Velo,United States of America,Enterprise,3101.0,387625.0,46541.25,341083.75,372120.0,-31036.25,2457.0,307125.0,25331.25,281793.75,294840.0,-13046.25,Matched,109.99153498871331,114.69017094017094,-70834.54853273138,11544.548532731402,0.0,-59290.0,-2.1827872842550278e-11
Velo,United States of America,Government,2157.0,43140.0,2578.2,40561.8,21570.0,18991.800000000003,3099.0,380249.0,42306.43,337942.57,274755.0,63187.57,Matched,18.804728789986093,109.04890932558891,17714.0545201669,279666.71547983313,0.0,297380.77,0.0
Velo,United States of America,Small Business,4868.0,1460400.0,184650.0,1275750.0,1217000.0,58750.0,1372.0,411600.0,28812.0,382788.0,343000.0,39788.0,Matched,262.06861133935905,279.0,-916191.8652423993,23229.86524239938,0.0,-892962.0,-1.0550138540565968e-10
