Check,Expected,Observed,Difference
Excel vs PBIX fact rows,166216.0,166216.0,0.0
Excel vs PBIX raw total,4203674047.3178997,4203674047.3178997,0.0
Maximum row amount difference,0.0,0.0,0.0
Native engine vs decoded rows,166216.0,166216.0,0.0
Native engine maximum amount difference,0.0,0.0,0.0
Duplicate natural keys,0.0,0.0,0.0
Business_Area unmatched rows,0.0,0.0,0.0
Cost_Element unmatched rows,0.0,0.0,0.0
Country_Region unmatched rows,0.0,0.0,0.0
Department unmatched rows,0.0,0.0,0.0
IT_Area unmatched rows,0.0,0.0,0.0
Scenario unmatched rows,0.0,0.0,0.0
