VP,Department,Sales Region,Country/Region,MonthNo,Actual,Plan,LE1,LE2,LE3,Variance
Nora Jones,113.0,USA,USA,12,1003253.919,190200.0,208336.36365,-549070.2,-1368268.8,813053.919
Nora Jones,113.0,USA,USA,6,718434.507,190200.0,208336.36365,718434.507,718434.507,528234.507
Nora Jones,113.0,USA,USA,10,504909.333,190200.0,208336.36365,-190014.9,208336.36365,314709.333
Nora Jones,113.0,USA,USA,7,496712.361,190200.0,208336.36365,496712.361,208336.36365,306512.361
Nora Jones,113.0,USA,USA,8,488449.128,190200.0,208336.36365,488449.128,110967.0,298249.128
Nora Jones,113.0,USA,USA,5,444439.107,190200.0,208336.36365,444439.107,444439.107,254239.10700000002
Nora Jones,113.0,USA,USA,2,298214.7,190200.0,298214.7,298214.7,298214.7,108014.70000000001
Sean Peters,423.0,Europe,Spain,10,52287.653999999995,,,6994.287,6994.28571,52287.653999999995
Sean Peters,423.0,Europe,Spain,7,51054.729,,,51054.729,6994.28571,51054.729
Dan English,341.0,Europe,Belgium,4,43116.696,,,43116.696,43116.696,43116.696
Sara Berg,175.0,Europe,United Kingdom,10,39435.489,,,0.0,0.0,39435.489
Sean Peters,423.0,Europe,Spain,6,36208.665,,,36208.665,36208.665,36208.665
Nora Jones,113.0,USA,USA,3,226241.154,190200.0,226241.154,226241.154,226241.154,36041.15400000001
Fred Michaels,342.0,Europe,United Kingdom,11,36007.005,,,,0.0,36007.005
Sean Peters,423.0,Europe,Spain,12,32381.894999999997,,,6994.287,6994.28571,32381.894999999997
Dan English,341.0,Europe,Belgium,10,30548.151,,,,,30548.151
Fred Michaels,342.0,Europe,United Kingdom,10,20074.419,,,,0.0,20074.419
Sara Berg,175.0,Europe,United Kingdom,11,18358.599,,,0.0,0.0,18358.599
Sara Berg,175.0,Europe,United Kingdom,12,18141.909,,,0.0,0.0,18141.909
Mark A Ohrvall,307.0,Europe,Netherlands,6,17787.162,,,17787.162,17787.162,17787.162
Sara Berg,175.0,Europe,United Kingdom,7,15434.051999999998,,,15434.051999999998,0.0,15434.051999999998
Tom Sale,110.0,Europe,Sweden,11,13438.431,,,,,13438.431
Sara Berg,175.0,Europe,United Kingdom,8,12876.078,,,12876.078,0.0,12876.078
Sara Berg,175.0,Europe,United Kingdom,4,11141.097,,,11141.097,11141.097,11141.097
Sara Berg,175.0,Europe,United Kingdom,2,10735.8,,10735.8,10735.8,10735.8,10735.8
Dan English,341.0,Europe,Belgium,6,10427.958,,,10427.958,10427.958,10427.958
Sara Berg,175.0,Europe,United Kingdom,1,10387.575,,10387.575,10387.575,10387.575,10387.575
Fred Michaels,342.0,Europe,United Kingdom,9,9602.307,,,9602.307,0.0,9602.307
Sean Peters,423.0,Europe,Spain,4,9358.704,,,9358.704,9358.704,9358.704
Mark A Ohrvall,307.0,Europe,Netherlands,10,8213.547,,,,0.0,8213.547
Sara Berg,175.0,Europe,United Kingdom,9,8144.352,,,8144.352,0.0,8144.352
Nora Jones,113.0,USA,USA,9,198288.219,190200.0,208336.36365,198288.219,208336.36365,8088.219000000012
Ross Cleave,409.0,Europe,Finland,12,8051.079,,,,,8051.079
Fred Michaels,342.0,Europe,United Kingdom,4,8011.179,,,8011.179,8011.179,8011.179
Fred Michaels,342.0,Europe,United Kingdom,2,7952.099999999999,,7952.099999999999,7952.099999999999,7952.099999999999,7952.099999999999
Fred Michaels,342.0,Europe,United Kingdom,8,7829.133,,,7829.133,0.0,7829.133
Fred Michaels,342.0,Europe,United Kingdom,1,7694.193,,7694.193,7694.193,7694.193,7694.193
Phillip Clark,230.0,Europe,Czech Republic,12,7627.176,,,,,7627.176
Tom Sale,110.0,Europe,Sweden,10,7464.402,,,,,7464.402
Dan English,341.0,Europe,Belgium,7,7302.741,,,7302.741,,7302.741
Fred Michaels,342.0,Europe,United Kingdom,7,7256.739,,,7256.739,0.0,7256.739
Raju Singh,117.0,Europe,Denmark,11,7219.464,,,,,7219.464
Mark A Ohrvall,307.0,Europe,Netherlands,12,7022.552999999999,,,,0.0,7022.552999999999
Raju Singh,117.0,Europe,Denmark,12,6971.346,,,,,6971.346
Sean Peters,423.0,Europe,Spain,3,6881.979,,6881.979,6881.979,6881.979,6881.979
Sean Peters,423.0,Europe,Spain,5,6601.263,,,6601.263,6601.263,6601.263
Mark A Ohrvall,307.0,Europe,Netherlands,9,5380.659,,,5380.659,0.0,5380.659
Phillip Clark,230.0,Europe,Czech Republic,11,5121.822,,,,,5121.822
Mort Torres,15.0,Europe,Slovakia,12,4861.5,,,,,4861.5
Mark A Ohrvall,307.0,Europe,Netherlands,8,4776.552,,,4776.552,0.0,4776.552
Mark A Ohrvall,307.0,Europe,Netherlands,11,4384.842,,,,0.0,4384.842
Phillip Clark,230.0,Europe,Czech Republic,10,4278.188999999999,,,,,4278.188999999999
Dan English,341.0,Europe,Belgium,11,3667.488,,,,,3667.488
Dan English,341.0,Europe,Belgium,8,3353.223,,,3353.223,,3353.223
Fred Michaels,342.0,Europe,United Kingdom,3,3218.577,,3218.577,3218.577,3218.577,3218.577
Mark A Ohrvall,307.0,Europe,Netherlands,7,2908.245,,,2908.245,0.0,2908.245
Dan English,341.0,Europe,Belgium,3,2723.748,,2723.748,2723.748,2723.748,2723.748
Dan English,341.0,Europe,Belgium,1,2128.794,,2128.794,2128.794,2128.794,2128.794
Tom Sale,110.0,Europe,Sweden,12,1842.291,,,,,1842.291
Fred Michaels,342.0,Europe,United Kingdom,12,1599.999,,,,0.0,1599.999
Dan English,341.0,Europe,Belgium,5,1415.9969999999998,,,1415.9969999999998,1415.9969999999998,1415.9969999999998
Barry Daniel,335.0,USA,USA,4,1026.6,,,1026.6,1026.6,1026.6
Linda Lee,181.0,USA,USA,2,1026.6,171.6,1026.6,1026.6,1026.6,854.9999999999999
Phillip Clark,230.0,Europe,Czech Republic,8,582.414,,,582.414,,582.414
Mort Torres,15.0,Europe,Slovakia,10,385.791,,,,,385.791
Linda Lee,181.0,USA,USA,4,513.3,171.6,171.6,513.3,513.3,341.69999999999993
Phillip Clark,230.0,Europe,Czech Republic,9,201.66,,,201.66,,201.66
Mort Torres,462.0,Europe,Austria,12,127.998,,,,,127.998
Sean Peters,423.0,Europe,Spain,8,-0.039,,,-0.039,6994.28571,-0.039
Linda Lee,181.0,USA,USA,5,,171.6,171.6,,,-171.6
Linda Lee,181.0,USA,USA,12,,171.6,171.6,171.6,171.6,-171.6
Linda Lee,181.0,USA,USA,1,,171.6,,,,-171.6
Linda Lee,181.0,USA,USA,3,,171.6,,,,-171.6
Linda Lee,181.0,USA,USA,10,,171.6,171.6,171.6,171.6,-171.6
Linda Lee,181.0,USA,USA,6,,171.6,171.6,,,-171.6
Linda Lee,181.0,USA,USA,7,,171.6,171.6,,171.6,-171.6
Linda Lee,181.0,USA,USA,11,,171.6,171.6,171.6,171.6,-171.6
Linda Lee,181.0,USA,USA,8,,171.6,171.6,,171.6,-171.6
Linda Lee,181.0,USA,USA,9,,171.6,171.6,,171.6,-171.6
Dan English,280.0,Europe,France,2,,255.963,,,,-255.963
Dan English,280.0,Europe,France,7,,255.963,255.963,,340.07607,-255.963
Dan English,280.0,Europe,France,11,,255.963,255.963,255.963,340.07607,-255.963
Dan English,280.0,Europe,France,10,,255.963,255.963,255.963,340.07607,-255.963
Dan English,280.0,Europe,France,9,,255.963,255.963,,340.07607,-255.963
Dan English,280.0,Europe,France,8,,255.963,255.963,,340.07607,-255.963
Dan English,280.0,Europe,France,6,,255.963,255.963,,,-255.963
Dan English,280.0,Europe,France,1,,255.963,,,,-255.963
Dan English,280.0,Europe,France,3,,255.963,,,,-255.963
Dan English,280.0,Europe,France,5,,255.963,255.963,,,-255.963
Dan English,280.0,Europe,France,4,,255.963,255.963,,,-255.963
Dan English,280.0,Europe,France,12,,255.963,255.963,255.963,340.07607,-255.963
Dan English,341.0,Europe,Belgium,2,-469.2,,-469.2,-469.2,-469.2,-469.2
Fred Michaels,342.0,Europe,United Kingdom,6,-864.924,,,-864.924,-864.924,-864.924
Mark A Ohrvall,307.0,Europe,Netherlands,1,-866.52,,-866.52,-866.52,-866.52,-866.52
Dan English,341.0,Europe,Belgium,9,-1220.292,,,-1220.292,,-1220.292
Dolores Hutchins,367.0,Europe,Ireland,8,,1255.389,1255.389,,1687.44564,-1255.389
Dolores Hutchins,367.0,Europe,Ireland,5,,1255.389,1255.389,,,-1255.389
Dolores Hutchins,367.0,Europe,Ireland,12,,1255.389,1255.389,1255.389,1687.44564,-1255.389
Dolores Hutchins,367.0,Europe,Ireland,11,,1255.389,1255.389,1255.389,1687.44564,-1255.389
Dolores Hutchins,367.0,Europe,Ireland,10,,1255.389,1255.389,1255.389,1687.44564,-1255.389
Dolores Hutchins,367.0,Europe,Ireland,9,,1255.389,1255.389,,1687.44564,-1255.389
Dolores Hutchins,367.0,Europe,Ireland,2,,1255.389,,,,-1255.389
Dolores Hutchins,367.0,Europe,Ireland,6,,1255.389,1255.389,,,-1255.389
Dolores Hutchins,367.0,Europe,Ireland,7,,1255.389,1255.389,,1687.44564,-1255.389
Dolores Hutchins,367.0,Europe,Ireland,4,,1255.389,1255.389,,,-1255.389
Dolores Hutchins,367.0,Europe,Ireland,3,,1255.389,,,,-1255.389
Dolores Hutchins,367.0,Europe,Ireland,1,,1255.389,,,,-1255.389
Sara Berg,175.0,Europe,United Kingdom,3,-2655.591,,-2655.591,-2655.591,-2655.591,-2655.591
Nora Jones,113.0,USA,USA,11,187097.547,190200.0,208336.36365,-190014.9,-691663.6365,-3102.4530000000086
Dan English,341.0,Europe,Belgium,12,-4854.951,,,,,-4854.951
Fred Michaels,342.0,Europe,United Kingdom,5,-8210.49,,,-8210.49,-8210.49,-8210.49
Sara Berg,175.0,Europe,United Kingdom,5,-10325.352,,,-10325.352,-10325.352,-10325.352
Sara Berg,175.0,Europe,United Kingdom,6,-13338.615,,,-13338.615,-13338.615,-13338.615
Sean Peters,423.0,Europe,Spain,9,-19256.349,,,-19256.349,6994.28571,-19256.349
Sean Peters,423.0,Europe,Spain,11,-38776.917,,,6994.287,6994.28571,-38776.917
Nora Jones,113.0,USA,USA,4,111318.732,190200.0,208336.36365,111318.732,111318.732,-78881.268
Nora Jones,113.0,USA,USA,1,-13272.138,190200.0,-13272.138,-13272.138,-13272.138,-203472.138
