Month_Start,Category,Type,Budget_USD
2022-01-01,Sales,Income,6000
2022-02-01,Sales,Income,6000
2022-03-01,Sales,Income,6000
2022-04-01,Sales,Income,6000
2022-05-01,Sales,Income,6000
2022-06-01,Sales,Income,6000
2022-07-01,Sales,Income,6000
2022-08-01,Sales,Income,6000
2022-09-01,Sales,Income,6000
2022-10-01,Sales,Income,6000
2022-11-01,Sales,Income,7000
2022-12-01,Sales,Income,7000
2022-01-01,Services,Income,3000
2022-02-01,Services,Income,3300.0000000000005
2022-03-01,Services,Income,3000
2022-04-01,Services,Income,3000
2022-05-01,Services,Income,3000
2022-06-01,Services,Income,3000
2022-07-01,Services,Income,3500
2022-08-01,Services,Income,3000
2022-09-01,Services,Income,3000
2022-10-01,Services,Income,3000
2022-11-01,Services,Income,3500
2022-12-01,Services,Income,3500
2022-01-01,Other Income,Income,8000
2022-02-01,Other Income,Income,8000
2022-03-01,Other Income,Income,8000
2022-04-01,Other Income,Income,8000
2022-05-01,Other Income,Income,8000
2022-06-01,Other Income,Income,8000
2022-07-01,Other Income,Income,12000
2022-08-01,Other Income,Income,8000
2022-09-01,Other Income,Income,8000
2022-10-01,Other Income,Income,8000
2022-11-01,Other Income,Income,12000
2022-12-01,Other Income,Income,12000
2022-01-01,Rent,Expense,7000
2022-02-01,Rent,Expense,7000
2022-03-01,Rent,Expense,7000
2022-04-01,Rent,Expense,7000
2022-05-01,Rent,Expense,7000
2022-06-01,Rent,Expense,7000
2022-07-01,Rent,Expense,7000
2022-08-01,Rent,Expense,7000
2022-09-01,Rent,Expense,7000
2022-10-01,Rent,Expense,7000
2022-11-01,Rent,Expense,7000
2022-12-01,Rent,Expense,7000
2022-01-01,Utilities,Expense,4000
2022-02-01,Utilities,Expense,4000
2022-03-01,Utilities,Expense,4000
2022-04-01,Utilities,Expense,4000
2022-05-01,Utilities,Expense,4000
2022-06-01,Utilities,Expense,4000
2022-07-01,Utilities,Expense,4000
2022-08-01,Utilities,Expense,4000
2022-09-01,Utilities,Expense,4000
2022-10-01,Utilities,Expense,4000
2022-11-01,Utilities,Expense,4000
2022-12-01,Utilities,Expense,4000
2022-01-01,Transport,Expense,2000
2022-02-01,Transport,Expense,2000
2022-03-01,Transport,Expense,2000
2022-04-01,Transport,Expense,2000
2022-05-01,Transport,Expense,2000
2022-06-01,Transport,Expense,2000
2022-07-01,Transport,Expense,2000
2022-08-01,Transport,Expense,2000
2022-09-01,Transport,Expense,2000
2022-10-01,Transport,Expense,2000
2022-11-01,Transport,Expense,2000
2022-12-01,Transport,Expense,2000
2022-01-01,Marketing,Expense,2500
2022-02-01,Marketing,Expense,2500
2022-03-01,Marketing,Expense,2500
2022-04-01,Marketing,Expense,2500
2022-05-01,Marketing,Expense,2500
2022-06-01,Marketing,Expense,2500
2022-07-01,Marketing,Expense,2500
2022-08-01,Marketing,Expense,2500
2022-09-01,Marketing,Expense,2500
2022-10-01,Marketing,Expense,2500
2022-11-01,Marketing,Expense,2500
2022-12-01,Marketing,Expense,2500
2022-01-01,Business Insurance,Expense,1000
2022-02-01,Business Insurance,Expense,1000
2022-03-01,Business Insurance,Expense,1000
2022-04-01,Business Insurance,Expense,1000
2022-05-01,Business Insurance,Expense,1000
2022-06-01,Business Insurance,Expense,1000
2022-07-01,Business Insurance,Expense,1000
2022-08-01,Business Insurance,Expense,1000
2022-09-01,Business Insurance,Expense,1000
2022-10-01,Business Insurance,Expense,1000
2022-11-01,Business Insurance,Expense,1000
2022-12-01,Business Insurance,Expense,1000
2022-01-01,Other Expenses,Expense,3000
2022-02-01,Other Expenses,Expense,3000
2022-03-01,Other Expenses,Expense,3000
2022-04-01,Other Expenses,Expense,3000
2022-05-01,Other Expenses,Expense,3000
2022-06-01,Other Expenses,Expense,3000
2022-07-01,Other Expenses,Expense,3000
2022-08-01,Other Expenses,Expense,3000
2022-09-01,Other Expenses,Expense,3000
2022-10-01,Other Expenses,Expense,3000
2022-11-01,Other Expenses,Expense,3000
2022-12-01,Other Expenses,Expense,3000
