SourceRow,Segment,Country,Product,Discount Band,Units Sold,Manufacturing Price,Sale Price,Gross Sales,Discounts,Sales,COGS,Profit,Date,Month Number,Month Name,Year
15,Enterprise,Canada,Montana,None,345.0,5,125,43125.0,0.0,43125.0,41400.0,1725.0,2013-10-01,10,October,2013
38,Enterprise,Canada,Velo,None,345.0,120,125,43125.0,0.0,43125.0,41400.0,1725.0,2013-10-01,10,October,2013
65,Channel Partners,Germany,Carretera,Low,766.0,3,12,9192.0,91.92,9100.08,2298.0,6802.08,2013-10-01,10,October,2013
66,Small Business,Mexico,Carretera,Low,494.0,3,300,148200.0,1482.0,146718.0,123500.0,23218.0,2013-10-01,10,October,2013
74,Enterprise,United States of America,Montana,Low,663.0,5,125,82875.0,828.75,82046.25,79560.0,2486.25,2013-10-01,10,October,2013
81,Channel Partners,Germany,Paseo,Low,766.0,10,12,9192.0,91.92,9100.08,2298.0,6802.08,2013-10-01,10,October,2013
87,Enterprise,United States of America,Velo,Low,663.0,120,125,82875.0,828.75,82046.25,79560.0,2486.25,2013-10-01,10,October,2013
94,Small Business,Mexico,VTT,Low,494.0,250,300,148200.0,1482.0,146718.0,123500.0,23218.0,2013-10-01,10,October,2013
101,Small Business,Germany,Carretera,Low,214.0,3,300,64200.0,1284.0,62916.0,53500.0,9416.0,2013-10-01,10,October,2013
114,Enterprise,Germany,Paseo,Low,809.0,10,125,101125.0,2022.5,99102.5,97080.0,2022.5,2013-10-01,10,October,2013
115,Enterprise,Mexico,Paseo,Low,2145.0,10,125,268125.0,5362.5,262762.5,257400.0,5362.5,2013-10-01,10,October,2013
125,Government,Germany,Velo,Low,2966.0,120,350,1038100.0,20762.0,1017338.0,771160.0,246178.0,2013-10-01,10,October,2013
127,Enterprise,Germany,Velo,Low,809.0,120,125,101125.0,2022.5,99102.5,97080.0,2022.5,2013-10-01,10,October,2013
128,Enterprise,Mexico,Velo,Low,2145.0,120,125,268125.0,5362.5,262762.5,257400.0,5362.5,2013-10-01,10,October,2013
133,Small Business,Germany,VTT,Low,214.0,250,300,64200.0,1284.0,62916.0,53500.0,9416.0,2013-10-01,10,October,2013
141,Government,Germany,Amarilla,Low,2966.0,260,350,1038100.0,20762.0,1017338.0,771160.0,246178.0,2013-10-01,10,October,2013
163,Midmarket,Germany,Paseo,Low,1945.0,10,15,29175.0,875.25,28299.75,19450.0,8849.75,2013-10-01,10,October,2013
172,Midmarket,Germany,VTT,Low,1945.0,250,15,29175.0,875.25,28299.75,19450.0,8849.75,2013-10-01,10,October,2013
181,Government,Canada,Carretera,Low,2851.0,3,7,19957.0,798.28,19158.72,14255.0,4903.720000000001,2013-10-01,10,October,2013
186,Government,Canada,Montana,Low,2851.0,5,7,19957.0,798.28,19158.72,14255.0,4903.720000000001,2013-10-01,10,October,2013
198,Midmarket,United States of America,Paseo,Low,671.0,10,15,10065.0,402.6,9662.4,6710.0,2952.3999999999996,2013-10-01,10,October,2013
199,Midmarket,Mexico,Paseo,Low,1514.0,10,15,22710.0,908.4,21801.6,15140.0,6661.5999999999985,2013-10-01,10,October,2013
208,Midmarket,Mexico,VTT,Low,1514.0,250,15,22710.0,908.4,21801.6,15140.0,6661.5999999999985,2013-10-01,10,October,2013
212,Midmarket,United States of America,Amarilla,Low,671.0,260,15,10065.0,402.6,9662.4,6710.0,2952.3999999999996,2013-10-01,10,October,2013
214,Government,Germany,Montana,Medium,1159.0,5,7,8113.0,405.65,7707.35,5795.0,1912.3500000000004,2013-10-01,10,October,2013
223,Government,Germany,Amarilla,Medium,1159.0,260,7,8113.0,405.65,7707.35,5795.0,1912.3500000000004,2013-10-01,10,October,2013
245,Government,Canada,Paseo,Medium,1228.0,10,350,429800.0,21490.0,408310.0,319280.0,89030.0,2013-10-01,10,October,2013
246,Government,Canada,Paseo,Medium,1389.0,10,20,27780.0,1389.0,26391.0,13890.0,12501.0,2013-10-01,10,October,2013
248,Enterprise,France,Paseo,Medium,704.0,10,125,88000.0,4400.0,83600.0,84480.0,-880.0,2013-10-01,10,October,2013
260,Enterprise,France,Velo,Medium,704.0,120,125,88000.0,4400.0,83600.0,84480.0,-880.0,2013-10-01,10,October,2013
263,Government,Canada,VTT,Medium,1389.0,250,20,27780.0,1389.0,26391.0,13890.0,12501.0,2013-10-01,10,October,2013
271,Government,Canada,Amarilla,Medium,1228.0,260,350,429800.0,21490.0,408310.0,319280.0,89030.0,2013-10-01,10,October,2013
277,Channel Partners,Canada,Carretera,Medium,2299.0,3,12,27588.0,1655.28,25932.72,6897.0,19035.72,2013-10-01,10,October,2013
283,Government,France,Montana,Medium,1403.0,5,7,9821.0,589.26,9231.74,7015.0,2216.74,2013-10-01,10,October,2013
286,Channel Partners,Canada,Paseo,Medium,2299.0,10,12,27588.0,1655.28,25932.72,6897.0,19035.72,2013-10-01,10,October,2013
287,Government,United States of America,Paseo,Medium,727.0,10,350,254450.0,15267.0,239183.0,189020.0,50163.0,2013-10-01,10,October,2013
293,Small Business,France,Velo,Medium,1221.0,120,300,366300.0,21978.0,344322.0,305250.0,39072.0,2013-10-01,10,October,2013
294,Government,France,Velo,Medium,2076.0,120,350,726600.0,43596.0,683004.0,539760.0,143244.0,2013-10-01,10,October,2013
297,Small Business,France,VTT,Medium,1221.0,250,300,366300.0,21978.0,344322.0,305250.0,39072.0,2013-10-01,10,October,2013
302,Government,United States of America,Amarilla,Medium,727.0,260,350,254450.0,15267.0,239183.0,189020.0,50163.0,2013-10-01,10,October,2013
303,Government,France,Amarilla,Medium,1403.0,260,7,9821.0,589.26,9231.74,7015.0,2216.74,2013-10-01,10,October,2013
304,Government,France,Amarilla,Medium,2076.0,260,350,726600.0,43596.0,683004.0,539760.0,143244.0,2013-10-01,10,October,2013
305,Government,France,Montana,Medium,1757.0,5,20,35140.0,2108.4,33031.6,17570.0,15461.6,2013-10-01,10,October,2013
309,Government,France,Paseo,Medium,1757.0,10,20,35140.0,2108.4,33031.6,17570.0,15461.6,2013-10-01,10,October,2013
405,Channel Partners,Mexico,Carretera,Medium,367.0,3,12,4404.0,396.36,4007.64,1101.0,2906.64,2013-10-01,10,October,2013
419,Channel Partners,Mexico,Paseo,Medium,367.0,10,12,4404.0,396.36,4007.64,1101.0,2906.64,2013-10-01,10,October,2013
456,Channel Partners,United States of America,Carretera,High,386.0,3,12,4632.0,463.2,4168.8,1158.0,3010.8,2013-10-01,10,October,2013
458,Channel Partners,United States of America,Paseo,High,386.0,10,12,4632.0,463.2,4168.8,1158.0,3010.8,2013-10-01,10,October,2013
466,Midmarket,France,Paseo,High,2167.0,10,15,32505.0,3250.5,29254.5,21670.0,7584.5,2013-10-01,10,October,2013
473,Small Business,United States of America,Velo,High,2294.0,120,300,688200.0,68820.0,619380.0,573500.0,45880.0,2013-10-01,10,October,2013
482,Small Business,United States of America,VTT,High,2294.0,250,300,688200.0,68820.0,619380.0,573500.0,45880.0,2013-10-01,10,October,2013
483,Midmarket,France,VTT,High,2167.0,250,15,32505.0,3250.5,29254.5,21670.0,7584.5,2013-10-01,10,October,2013
495,Channel Partners,France,Carretera,High,1198.0,3,12,14376.0,1581.36,12794.64,3594.0,9200.64,2013-10-01,10,October,2013
497,Channel Partners,France,Paseo,High,1198.0,10,12,14376.0,1581.36,12794.64,3594.0,9200.64,2013-10-01,10,October,2013
511,Government,Germany,Montana,High,2992.0,5,20,59840.0,6582.4,53257.6,29920.0,23337.6,2013-10-01,10,October,2013
521,Government,Germany,Paseo,High,2992.0,10,20,59840.0,6582.4,53257.6,29920.0,23337.6,2013-10-01,10,October,2013
525,Government,Mexico,Velo,High,344.0,120,350,120400.0,13244.0,107156.0,89440.0,17716.0,2013-10-01,10,October,2013
534,Government,Mexico,Amarilla,High,344.0,260,350,120400.0,13244.0,107156.0,89440.0,17716.0,2013-10-01,10,October,2013
545,Government,Mexico,Montana,High,1715.0,5,20,34300.0,4116.0,30184.0,17150.0,13034.0,2013-10-01,10,October,2013
551,Government,Mexico,Paseo,High,1715.0,10,20,34300.0,4116.0,30184.0,17150.0,13034.0,2013-10-01,10,October,2013
615,Government,United States of America,Carretera,High,2996.0,3,7,20972.0,2936.08,18035.92,14980.0,3055.9199999999983,2013-10-01,10,October,2013
618,Government,United States of America,Montana,High,2996.0,5,7,20972.0,2936.08,18035.92,14980.0,3055.9199999999983,2013-10-01,10,October,2013
637,Government,Mexico,Montana,High,1727.0,5,7,12089.0,1692.46,10396.54,8635.0,1761.5400000000009,2013-10-01,10,October,2013
641,Midmarket,Canada,Paseo,High,1743.0,10,15,26145.0,3660.3,22484.7,17430.0,5054.700000000001,2013-10-01,10,October,2013
651,Small Business,Canada,Velo,High,269.0,120,300,80700.0,11298.0,69402.0,67250.0,2152.0,2013-10-01,10,October,2013
655,Small Business,Canada,VTT,High,269.0,250,300,80700.0,11298.0,69402.0,67250.0,2152.0,2013-10-01,10,October,2013
662,Midmarket,Canada,Amarilla,High,1743.0,260,15,26145.0,3660.3,22484.7,17430.0,5054.700000000001,2013-10-01,10,October,2013
665,Government,Mexico,Amarilla,High,1727.0,260,7,12089.0,1692.46,10396.54,8635.0,1761.5400000000009,2013-10-01,10,October,2013
676,Government,United States of America,Paseo,High,267.0,10,20,5340.0,801.0,4539.0,2670.0,1869.0,2013-10-01,10,October,2013
691,Government,United States of America,VTT,High,267.0,250,20,5340.0,801.0,4539.0,2670.0,1869.0,2013-10-01,10,October,2013
