MonthNo,Month,ActualClosed,Plan,LE3,EligiblePositiveTelephone,Baseline,GrossSaving,OneOff,IncrementalCommitments,Proposal
1,Jan,17585804.484,24186363.246,17585804.484,289737.387,17585804.484,0.0,0,0,17585804.484
2,Feb,19689491.4,20057628.261,19689491.4,891945.0,19689491.4,0.0,0,0,19689491.4
3,Mar,21661658.304,21112789.803,21661658.303999998,862908.21,21661658.304,0.0,0,0,21661658.304
4,Apr,19909348.617000002,20575096.667999998,19909348.617000002,1058202.819,19909348.617000002,0.0,0,0,19909348.617000002
5,May,21933572.214,19456777.956,21933572.213999998,558617.628,21933572.214,0.0,0,0,21933572.214
6,Jun,22036939.643999998,20948487.096,22036939.643999998,722192.043,22036939.643999998,0.0,0,0,22036939.643999998
7,Jul,21801968.180999998,20786367.216,23083855.5204,776514.3543,21801968.180999998,0.0,0,0,21801968.180999998
8,Aug,20584287.006,19087703.736,23142308.114129998,776154.3543,20584287.006,0.0,0,0,20584287.006
9,Sep,21465987.687,19290026.91,23413823.072189998,776154.3543,21465987.687,0.0,0,0,21465987.687
10,Oct,,19442982.884999998,24197823.852029998,776514.3543,24197823.852029998,0.0,0,0,24197823.852029998
11,Nov,,18958733.289,21978864.49614,776154.3543,21978864.49614,19403.8588575,25000,0,21984460.6372825
12,Dec,,19382449.458,21459904.69563,776154.3543,21459904.69563,19403.8588575,0,0,21440500.836772498
