MonthNo,Actual,Plan,LE1,LE2,LE3,ActualRows,PlanRows,Variance,VariancePct,VsLE3,Month
1,17585804.484,24186363.246,17613108.744,17585804.484,17585804.484,2714,2467,-6600558.761999998,-0.2729041441603096,0.0,Jan
2,19689491.4,20057628.261,19740392.099999998,19689491.4,19689491.4,2970,2467,-368136.86100000143,-0.01835395771671598,0.0,Feb
3,21661658.304,21112789.803,21598836.803999998,21599877.498,21661658.303999998,3084,2467,548868.501000002,0.0259969670574758,3.725290298461914e-09,Mar
4,19909348.617000002,20575096.667999998,20520923.37429,19909348.617000002,19909348.617000002,2889,2467,-665748.0509999953,-0.032356982897456754,0.0,Apr
5,21933572.214,19456777.956,19430230.53312,21933572.213999998,21933572.213999998,2777,2467,2476794.2580000013,0.12729724641978646,3.725290298461914e-09,May
6,22036939.643999998,20948487.096,20813286.11454,22036939.643999998,22036939.643999998,2988,2467,1088452.5479999967,0.05195852774532013,0.0,Jun
7,21801968.180999998,20786367.216,21080983.54512,21801968.180999998,23083855.5204,2920,2468,1015600.9649999999,0.048858992744930246,-1281887.3394000009,Jul
8,20584287.006,19087703.736,20327989.69098,20584287.006,23142308.114129998,3037,2468,1496583.2699999996,0.0784056212679683,-2558021.108129997,Aug
9,21465987.687,19290026.91,20734627.78224,21465987.687,23413823.072189998,3089,2468,2175960.776999999,0.11280237125392371,-1947835.385189999,Sep
10,20869430.379,19442982.884999998,20630845.8882,23912885.14362,24197823.852029998,3100,2468,1426447.4940000027,0.07336567143205625,-3328393.473029997,Oct
11,21814749.656999998,18958733.289,19161047.90496,23835440.71062,21978864.49614,3157,2468,2856016.367999997,0.15064383914599816,-164114.83914000168,Nov
12,28172459.079,19382449.458,21175668.2055,23014173.33366,21459904.69563,3268,2468,8790009.621,0.45350354917974367,6712554.383370001,Dec
