IT Area,Month,Actual,Plan,Variance,YTD variance,Source
BU Support,Jan,5048445.257999999,9107690.322,-4059245.064000001,-4059245.064000001,obviEnce ©
BU Support,Feb,6199750.8,6057702.441,142048.35900000017,-3917196.705000001,obviEnce ©
BU Support,Mar,6093922.614,6319895.586,-225972.97200000007,-4143169.677000001,obviEnce ©
BU Support,Apr,5938286.535,6435930.882,-497644.34700000007,-4640814.024000001,obviEnce ©
BU Support,May,6297148.842,6111727.836,185421.00600000005,-4455393.018000001,obviEnce ©
BU Support,Jun,7347077.214,7257806.2979999995,89270.9160000002,-4366122.102000001,obviEnce ©
BU Support,Jul,6093895.515,7076173.572,-982278.057,-5348400.159000001,obviEnce ©
BU Support,Aug,6243204.473999999,5809563.843,433640.6309999991,-4914759.528000002,obviEnce ©
BU Support,Sep,5964001.626,5744203.152,219798.4740000004,-4694961.054000001,obviEnce ©
BU Support,Oct,6221513.274,5950656.027,270857.24700000044,-4424103.807000001,obviEnce ©
BU Support,Nov,6592581.018,5861734.353,730846.665,-3693257.142000001,obviEnce ©
BU Support,Dec,7704549.453,5963402.034,1741147.4189999998,-1952109.7230000012,obviEnce ©
Enablement,Jan,975550.38,978704.088,-3153.707999999984,-3153.707999999984,obviEnce ©
Enablement,Feb,1006320.9,1023056.8859999999,-16735.985999999917,-19889.6939999999,obviEnce ©
Enablement,Mar,943336.848,1290630.642,-347293.794,-367183.4879999999,obviEnce ©
Enablement,Apr,1077852.567,1083253.542,-5400.97499999986,-372584.46299999976,obviEnce ©
Enablement,May,1067771.361,1087555.842,-19784.480999999912,-392368.94399999967,obviEnce ©
Enablement,Jun,684794.955,1216002.642,-531207.687,-923576.6309999997,obviEnce ©
Enablement,Jul,985814.067,981845.889,3968.1780000000726,-919608.4529999996,obviEnce ©
Enablement,Aug,876583.788,994369.155,-117785.36700000009,-1037393.8199999997,obviEnce ©
Enablement,Sep,1019080.404,1181306.898,-162226.49400000006,-1199620.3139999998,obviEnce ©
Enablement,Oct,1147506.27,976339.005,171167.265,-1028453.0489999998,obviEnce ©
Enablement,Nov,1193469.2519999999,976558.905,216910.34699999983,-811542.7019999999,obviEnce ©
Enablement,Dec,1644507.882,1070001.138,574506.744,-237035.95799999998,obviEnce ©
Functional,Jan,5913885.132,7980718.71,-2066833.5779999997,-2066833.5779999997,obviEnce ©
Functional,Feb,6269042.1,7035758.715,-766716.6150000002,-2833550.193,obviEnce ©
Functional,Mar,7002571.274999999,7124285.274,-121713.99900000077,-2955264.1920000007,obviEnce ©
Functional,Apr,6810367.160999999,7640292.768,-829925.6070000008,-3785189.7990000015,obviEnce ©
Functional,May,6468329.184,6933944.433,-465615.24899999984,-4250805.048000001,obviEnce ©
Functional,Jun,6597536.547,7251124.335,-653587.7879999997,-4904392.836000001,obviEnce ©
Functional,Jul,6908022.188999999,7577941.254,-669919.0650000004,-5574311.9010000015,obviEnce ©
Functional,Aug,6018226.938,6936297.873,-918070.9349999996,-6492382.836000001,obviEnce ©
Functional,Sep,6882718.425,7062142.4969999995,-179424.0719999997,-6671806.908000001,obviEnce ©
Functional,Oct,6817293.927,7489727.904,-672433.977,-7344240.885000001,obviEnce ©
Functional,Nov,6345725.073,6873639.261,-527914.1880000001,-7872155.073000001,obviEnce ©
Functional,Dec,7688685.882,7156114.128,532571.7540000007,-7339583.319,obviEnce ©
Governance,Jan,974701.6529999999,1204787.49,-230085.83700000006,-230085.83700000006,obviEnce ©
Governance,Feb,1076989.8,1207534.239,-130544.43900000001,-360630.27600000007,obviEnce ©
Governance,Mar,1604218.422,1341123.477,263094.94500000007,-97535.331,obviEnce ©
Governance,Apr,898932.129,1188534.27,-289602.14100000006,-387137.47200000007,obviEnce ©
Governance,May,1497405.438,1197318.33,300087.108,-87050.36400000006,obviEnce ©
Governance,Jun,1179459.777,1159801.467,19658.310000000056,-67392.054,obviEnce ©
Governance,Jul,1448441.079,1250928.585,197512.49399999995,130120.43999999994,obviEnce ©
Governance,Aug,1182869.844,1281256.824,-98386.97999999998,31733.459999999963,obviEnce ©
Governance,Sep,994733.01,1296654.6,-301921.5900000001,-270188.1300000001,obviEnce ©
Governance,Oct,1348470.132,1272097.638,76372.49399999995,-193815.63600000017,obviEnce ©
Governance,Nov,1366644.18,1286816.3159999999,79827.86400000006,-113987.77200000011,obviEnce ©
Governance,Dec,881922.5939999999,1322878.371,-440955.7770000001,-554943.5490000002,obviEnce ©
Infrastructure,Jan,4673222.061,4914462.636,-241240.5750000002,-241240.5750000002,obviEnce ©
Infrastructure,Feb,5137387.8,4733575.9799999995,403811.8200000003,162571.2450000001,obviEnce ©
Infrastructure,Mar,6017609.145,5036854.824,980754.3209999995,1143325.5659999996,obviEnce ©
Infrastructure,Apr,5183910.2250000015,4227085.206,956825.0190000013,2100150.585000001,obviEnce ©
Infrastructure,May,6602917.389,4126231.515,2476685.8740000003,4576836.459000001,obviEnce ©
Infrastructure,Jun,6228071.151,4063752.354,2164318.797,6741155.256000001,obviEnce ©
Infrastructure,Jul,6365795.331,3899477.9159999997,2466317.4150000005,9207472.671000002,obviEnce ©
Infrastructure,Aug,6263401.962,4066216.0409999997,2197185.9210000006,11404658.592000002,obviEnce ©
Infrastructure,Sep,6605454.222,4005719.763,2599734.4590000003,14004393.051000003,obviEnce ©
Infrastructure,Oct,5334646.776,3754162.311,1580484.4649999994,15584877.516000003,obviEnce ©
Infrastructure,Nov,6316330.134000001,3959984.454,2356345.6800000006,17941223.196000002,obviEnce ©
Infrastructure,Dec,10252793.268000001,3870053.787,6382739.481000001,24323962.677,obviEnce ©
