package_path,classification,original_local_relative_path,bytes,sha256
raw_data/pets-more/Budget_vs_Actuals_Original.xlsx,original_download,Financial_Analyst_学习资源/01_Budget_vs_Actuals/Budget_vs_Actuals_Original.xlsx,57402,c9b9fb8f7df8ca0680793064cd63987e1fdf75e9b4955d3bb58f87f2599d4280
raw_data/pets-more/Original_README.md,original_download,Financial_Analyst_学习资源/01_Budget_vs_Actuals/Original_README.md,6414,b59b05d354d3bcbd7edb6a85cf44b245da3fe30a1d3ad3c0bb46c3dd13beccd4
processed_data/pets-more/prepared_inputs/Actual_Transactions.csv,source_table_export,Financial_Analyst_学习资源/01_Budget_vs_Actuals/练习数据/Actual_Transactions.csv,3207,3ae0e18065c89a80005e95f3f08ac7ead386c5c41c2ddc256e9656a39a30a863
processed_data/pets-more/prepared_inputs/Budget_Monthly.csv,source_table_export,Financial_Analyst_学习资源/01_Budget_vs_Actuals/练习数据/Budget_Monthly.csv,3886,423536b03f3270a7483efbe80595641fd584546ce0fd59bf89da13b7405d477e
raw_data/it-spend/IT_Spend_Analysis_Original.xlsx,original_download,Financial_Analyst_学习资源/02_IT_Spend_Analysis/IT_Spend_Analysis_Original.xlsx,1408921,2adaf60667b42610d0a7d4d8ef141ea815d649acf60ba6e4f9f27376845ad4d5
raw_data/it-spend/IT_Spend_Analysis_Example.pbix,original_download,Financial_Analyst_学习资源/02_IT_Spend_Analysis/IT_Spend_Analysis_Example.pbix,1539841,54ccda5ad4c5590a3aecd5aa3d75b9631c9ce3cafa14cf3fdc5c29a7a9edc093
processed_data/it-spend/outputs/I2_Monthly_Spend.csv,analysis_output,Financial_Analyst_学习资源/02_IT_Spend_Analysis/I1-I10_完成示例/I2_Monthly_Spend.csv,1829,0255e579a3e12139a729e14ce5cae9fbf28fcf6d3792e874cadbe9c8a03d83b9
processed_data/it-spend/outputs/I1_Data_Dictionary.csv,analysis_output,Financial_Analyst_学习资源/02_IT_Spend_Analysis/I1-I10_完成示例/I1_Data_Dictionary.csv,1141,cc030bac7f929d8475e975774ea2d6740bbc61eebc6776f6f9308b88c9d11eb4
processed_data/it-spend/outputs/I4_Driver_Detail.csv,analysis_output,Financial_Analyst_学习资源/02_IT_Spend_Analysis/I1-I10_完成示例/I4_Driver_Detail.csv,287407,b1eb21aeb97d93ff250179ad5de044d21ede4b98fcdc464943fad20d93049e9f
processed_data/it-spend/outputs/I4_Trace_1.csv,analysis_output,Financial_Analyst_学习资源/02_IT_Spend_Analysis/I1-I10_完成示例/I4_Trace_1.csv,2083,43b30d92a2f7392ad5b0eedfcfc044198b9924b8944966c2a31ae22549b1ea67
processed_data/it-spend/outputs/I10_Rolling_Forecast_Illustration.csv,analysis_output,Financial_Analyst_学习资源/02_IT_Spend_Analysis/I1-I10_完成示例/I10_Rolling_Forecast_Illustration.csv,1327,689d86fe1a825e169b976a97ae9e93df82292c9d6d58c97bf4abea351ac08b9a
processed_data/it-spend/outputs/I4_Trace_3.csv,analysis_output,Financial_Analyst_学习资源/02_IT_Spend_Analysis/I1-I10_完成示例/I4_Trace_3.csv,8800,185c78dd123589dedf42cd887f249f6200adb3d47fa01b5f5ec1c4b9fb5d7dbd
processed_data/it-spend/outputs/I4_Trace_2.csv,analysis_output,Financial_Analyst_学习资源/02_IT_Spend_Analysis/I1-I10_完成示例/I4_Trace_2.csv,15338,02351cf65f47701612bcb17e7a67b14b6270dc0a044b3e3e0149b891ed61aaa9
processed_data/it-spend/outputs/I8_Review_Actions.csv,analysis_output,Financial_Analyst_学习资源/02_IT_Spend_Analysis/I1-I10_完成示例/I8_Review_Actions.csv,1369,3929a744d51fcb38a6cd7e750e1c405ede12daf648a9d7e30187e17f84198fe0
processed_data/it-spend/outputs/I5-I6_Version_Diagnostics.csv,analysis_output,Financial_Analyst_学习资源/02_IT_Spend_Analysis/I1-I10_完成示例/I5-I6_Version_Diagnostics.csv,750,3de51abc44307b325f0aaf62f9cde7efeedaa0d84bc10fcb12662db06b608d73
processed_data/it-spend/outputs/I7_Monthly_Patterns.csv,analysis_output,Financial_Analyst_学习资源/02_IT_Spend_Analysis/I1-I10_完成示例/I7_Monthly_Patterns.csv,5502,64453eee1c3500331c11311a047e8ced57371a273bb9ec2d79ca845651df6e3a
processed_data/it-spend/outputs/I1_Reconciliation_Checks.csv,analysis_output,Financial_Analyst_学习资源/02_IT_Spend_Analysis/I1-I10_完成示例/I1_Reconciliation_Checks.csv,560,3e28a9bf610159b2b98dbe86004a41fa0b5f4c587ddcd9788cb6d3174ee4bcf6
processed_data/it-spend/prepared_inputs/I1_Extracted_Data/Business_Area.csv,model_extraction,Financial_Analyst_学习资源/02_IT_Spend_Analysis/I1-I10_完成示例/I1_Extracted_Data/Business_Area.csv,141,6bee19c3f4affdebca1a6b8369b30855e6feb1e7c15aca70ce532847609f4c8d
processed_data/it-spend/prepared_inputs/I1_Extracted_Data/Range.csv,model_extraction,Financial_Analyst_学习资源/02_IT_Spend_Analysis/I1-I10_完成示例/I1_Extracted_Data/Range.csv,288,9d13f17a84bfea75647aab113fd140bfaaa2124a38467235be7bcee8002a25d3
processed_data/it-spend/prepared_inputs/I1_Extracted_Data/Original_Measures.csv,model_extraction,Financial_Analyst_学习资源/02_IT_Spend_Analysis/I1-I10_完成示例/I1_Extracted_Data/Original_Measures.csv,879,047b99d196dc383c58bb185e7061b94f0bad5e3898b6634eb94de2760ab549dc
processed_data/it-spend/prepared_inputs/I1_Extracted_Data/IT_Area.csv,model_extraction,Financial_Analyst_学习资源/02_IT_Spend_Analysis/I1-I10_完成示例/I1_Extracted_Data/IT_Area.csv,1165,ef183f7c878568d770d72abf16d23042b936ec35e9f0244953642977dec700ff
processed_data/it-spend/prepared_inputs/I1_Extracted_Data/DateTableTemplate_5db4a9d0-37ae-4eb8-b985-081b6a9bccc6.csv,model_extraction,Financial_Analyst_学习资源/02_IT_Spend_Analysis/I1-I10_完成示例/I1_Extracted_Data/DateTableTemplate_5db4a9d0-37ae-4eb8-b985-081b6a9bccc6.csv,82,8610320d5d63b4d6b9015d734dde0936ee3afdb0b9ba8a1121cc02db93c7e8af
processed_data/it-spend/prepared_inputs/I1_Extracted_Data/Date.csv,model_extraction,Financial_Analyst_学习资源/02_IT_Spend_Analysis/I1-I10_完成示例/I1_Extracted_Data/Date.csv,1091,39927aaa43a07718524db18b9a5d653067436cd400c9c4251b06596c913275a0
processed_data/it-spend/prepared_inputs/I1_Extracted_Data/Original_Relationships.csv,model_extraction,Financial_Analyst_学习资源/02_IT_Spend_Analysis/I1-I10_完成示例/I1_Extracted_Data/Original_Relationships.csv,581,6942f26a71f41d09f23e2a420c17c3d6990c626ace246eac2b70ace8234a82e6
processed_data/it-spend/prepared_inputs/I1_Extracted_Data/Cost_Element.csv,model_extraction,Financial_Analyst_学习资源/02_IT_Spend_Analysis/I1-I10_完成示例/I1_Extracted_Data/Cost_Element.csv,10265,cadba230f2ce4fd24692d9e79b74145e75ff8bcb0e3ef0b8b5ec5f55ba8b3ad4
processed_data/it-spend/prepared_inputs/I1_Extracted_Data/Department.csv,model_extraction,Financial_Analyst_学习资源/02_IT_Spend_Analysis/I1-I10_完成示例/I1_Extracted_Data/Department.csv,7337,469cc5b87c5f152094e5cc8f48d6b96ace603e2e23a7a482bc4977536c3aa6e2
processed_data/it-spend/prepared_inputs/I1_Extracted_Data/Scenario.csv,model_extraction,Financial_Analyst_学习资源/02_IT_Spend_Analysis/I1-I10_完成示例/I1_Extracted_Data/Scenario.csv,151,5fc1673629a20047bb57d48dc1ae95398c188ca7a52c9d000d76b2ce1df53fc6
processed_data/it-spend/prepared_inputs/I1_Extracted_Data/Fact.csv,model_extraction,Financial_Analyst_学习资源/02_IT_Spend_Analysis/I1-I10_完成示例/I1_Extracted_Data/Fact.csv,7583085,47937f785e6dd3c1dcde5c0d50788169b9e596f0c6ae74ceeb38948b256b24e2
processed_data/it-spend/prepared_inputs/I1_Extracted_Data/Country_Region.csv,model_extraction,Financial_Analyst_学习资源/02_IT_Spend_Analysis/I1-I10_完成示例/I1_Extracted_Data/Country_Region.csv,1296,58017e71476f35da30f10396f4ffece7315de517f1e4fb916e527a36d3e43dff
processed_data/it-spend/prepared_inputs/I1_Extracted_Data/LocalDateTable_c659a3fc-ad91-4f80-b458-6b22a6d14a66.csv,model_extraction,Financial_Analyst_学习资源/02_IT_Spend_Analysis/I1-I10_完成示例/I1_Extracted_Data/LocalDateTable_c659a3fc-ad91-4f80-b458-6b22a6d14a66.csv,52796,e05e24cd1c8521822d34cc38b721c1fdcd923479cf108f7a64c9dbb72e0f6715
raw_data/commercial-finance/Financial_Sample_Original.xlsx,original_download,Financial_Analyst_学习资源/03_Financial_Sample/Financial_Sample_Original.xlsx,83418,c3f17156ab7c192571ecfc742e88c16a4b7243a4d4b4a420fcb68dec44e10196
processed_data/commercial-finance/prepared_inputs/Financial_Sample.csv,source_table_export,Financial_Analyst_学习资源/03_Financial_Sample/练习数据/Financial_Sample.csv,77304,5423f83627771d8590b1f26652efc095e031ddaef461f94df1b3fb16f2fe85c4
processed_data/commercial-finance/outputs/F10_更新验证.csv,analysis_output,Financial_Analyst_学习资源/03_Financial_Sample/F1-F10_完成示例/F10_更新验证.csv,518,920dcd687e455d205e7824fbd2026cc213e87452b02aa66aa70f4f398bd4492e
processed_data/commercial-finance/outputs/F10_Monthly_Input.pq,analysis_output,Financial_Analyst_学习资源/03_Financial_Sample/F1-F10_完成示例/F10_Monthly_Input.pq,1591,a30a02a0b3121bd6dad69baf3bce99aca9bd916b129a576084364d705dbcf9a6
processed_data/commercial-finance/outputs/F8_Q4_产品利润贡献.csv,analysis_output,Financial_Analyst_学习资源/03_Financial_Sample/F1-F10_完成示例/F8_Q4_产品利润贡献.csv,285,f67e6285ec19f1c54ec25d5d33765a8d98d65885817852a0db53370ca9476a15
processed_data/commercial-finance/outputs/F7_折扣政策情景.csv,analysis_output,Financial_Analyst_学习资源/03_Financial_Sample/F1-F10_完成示例/F7_折扣政策情景.csv,561,ac5b900808ccc337db3783a113292052e7fa139557783f1cff605aa7576a9538
processed_data/commercial-finance/outputs/F5-F6_可比期间增长拆解.csv,analysis_output,Financial_Analyst_学习资源/03_Financial_Sample/F1-F10_完成示例/F5-F6_可比期间增长拆解.csv,29281,60fdcc7ff1bd7ab1c3b0a41977e47aa66625467d42af88a117b19772e832a7e3
processed_data/commercial-finance/outputs/F3-F4_Discount Band.csv,analysis_output,Financial_Analyst_学习资源/03_Financial_Sample/F1-F10_完成示例/F3-F4_Discount Band.csv,521,6aba0f2b1f7435b4fbcf6219ba3aebd3c59a2e9bc8dbc0e4af11d01a270c5530
processed_data/commercial-finance/outputs/F2_月度表现.csv,analysis_output,Financial_Analyst_学习资源/03_Financial_Sample/F1-F10_完成示例/F2_月度表现.csv,2147,b953549d50859420e710bde44ec2a43570b2f0d304a471adfd378f00b77389b4
processed_data/commercial-finance/outputs/F3-F4_Country.csv,analysis_output,Financial_Analyst_学习资源/03_Financial_Sample/F1-F10_完成示例/F3-F4_Country.csv,681,e99acfecb1ec9c842ec3f39a2590d90ca743149471e5d960e8814aefdd2eae6c
processed_data/commercial-finance/outputs/F1_逐行核对.csv,analysis_output,Financial_Analyst_学习资源/03_Financial_Sample/F1-F10_完成示例/F1_逐行核对.csv,123798,85eb2443be8460daae89af1ae3e29a3a98460c793eefa7d1c63580704101f350
processed_data/commercial-finance/outputs/F3-F4_Segment.csv,analysis_output,Financial_Analyst_学习资源/03_Financial_Sample/F1-F10_完成示例/F3-F4_Segment.csv,687,dab17b601ae5107ad845b161fb6f1a07a0aa05c4fc53fd0e2bc60688cb8c5303
processed_data/commercial-finance/outputs/F4_负利润记录.csv,analysis_output,Financial_Analyst_学习资源/03_Financial_Sample/F1-F10_完成示例/F4_负利润记录.csv,10612,43061b6a2e9a1243821b7173365929c1f93dd7b225f4c8f98115a39ef6a66407
processed_data/commercial-finance/outputs/F3-F4_Product.csv,analysis_output,Financial_Analyst_学习资源/03_Financial_Sample/F1-F10_完成示例/F3-F4_Product.csv,780,7132e08a733dd954a9b806bd1d9bc43baab8722fb042fb90e56fc5af53431da1
processed_data/commercial-finance/outputs/F10_月度更新练习/2014-12.csv,analysis_output,Financial_Analyst_学习资源/03_Financial_Sample/F1-F10_完成示例/F10_月度更新练习/2014-12.csv,8688,c53fbbbdd7230388caf150141e80a79ddd13f07ef0321b495e0227925409892a
processed_data/commercial-finance/outputs/F10_月度更新练习/2014-06.csv,analysis_output,Financial_Analyst_学习资源/03_Financial_Sample/F1-F10_完成示例/F10_月度更新练习/2014-06.csv,8366,11835c69571ee03aa0fe8e0c5d80e5678eb1fb80d8d13c77ae015c89080facba
processed_data/commercial-finance/outputs/F10_月度更新练习/2014-07.csv,analysis_output,Financial_Analyst_学习资源/03_Financial_Sample/F1-F10_完成示例/F10_月度更新练习/2014-07.csv,4377,af3ee0023e5a76136f7ffd5bcc96e33e59ed9682e6e5eb421db7f7e27f30ba07
processed_data/commercial-finance/outputs/F10_月度更新练习/2014-05.csv,analysis_output,Financial_Analyst_学习资源/03_Financial_Sample/F1-F10_完成示例/F10_月度更新练习/2014-05.csv,4234,7d1ffa43892dfff68e2bca6ef348b39835e12004cd738a21793addeafc8fe245
processed_data/commercial-finance/outputs/F10_月度更新练习/2014-11.csv,analysis_output,Financial_Analyst_学习资源/03_Financial_Sample/F1-F10_完成示例/F10_月度更新练习/2014-11.csv,4460,b9bab0e95e0c95817b22f73f458a97ae870afb18f2366906cb625e69903994fd
processed_data/commercial-finance/outputs/F10_月度更新练习/2014-10.csv,analysis_output,Financial_Analyst_学习资源/03_Financial_Sample/F1-F10_完成示例/F10_月度更新练习/2014-10.csv,8722,193a51632a7512ff90d9943145b19ec9b0d96994fd8278f78364c8d7a23d4c1e
processed_data/commercial-finance/outputs/F10_月度更新练习/2014-04.csv,analysis_output,Financial_Analyst_学习资源/03_Financial_Sample/F1-F10_完成示例/F10_月度更新练习/2014-04.csv,4415,78203c2c293f057b0c765c10a6c6dd5981a01269509ed24d824a83dcf9d12d00
processed_data/commercial-finance/outputs/F10_月度更新练习/2013-09.csv,analysis_output,Financial_Analyst_学习资源/03_Financial_Sample/F1-F10_完成示例/F10_月度更新练习/2013-09.csv,4435,24b600b9d6d6a3ad38047b0435428e5e8106b378790c6c9735ee53ef4ffb7754
processed_data/commercial-finance/outputs/F10_月度更新练习/2014-01.csv,analysis_output,Financial_Analyst_学习资源/03_Financial_Sample/F1-F10_完成示例/F10_月度更新练习/2014-01.csv,4428,742a401e04112ea3c09e78348e7a4cbafebdd16b9a3d588db0e6bb5ab51adf09
processed_data/commercial-finance/outputs/F10_月度更新练习/2014-03.csv,analysis_output,Financial_Analyst_学习资源/03_Financial_Sample/F1-F10_完成示例/F10_月度更新练习/2014-03.csv,4301,46116385d601148c9aed43a914d665e2b5e2bf1b0727dddc6fb77e141d98876e
processed_data/commercial-finance/outputs/F10_月度更新练习/2014-02.csv,analysis_output,Financial_Analyst_学习资源/03_Financial_Sample/F1-F10_完成示例/F10_月度更新练习/2014-02.csv,4418,61dcdd9ff766c30f7082ae7447ff7dc551d8ea55d4d100abec8e109ddd4cf437
processed_data/commercial-finance/outputs/F10_月度更新练习/2013-12.csv,analysis_output,Financial_Analyst_学习资源/03_Financial_Sample/F1-F10_完成示例/F10_月度更新练习/2013-12.csv,4434,d53d6eacd9413c6218668f1498e909c6739d4fe90113258c918a5673e1642667
processed_data/commercial-finance/outputs/F10_月度更新练习/2013-11.csv,analysis_output,Financial_Analyst_学习资源/03_Financial_Sample/F1-F10_完成示例/F10_月度更新练习/2013-11.csv,4465,42c5aea00df03e461f3db01e82b0c2be0dd0e36ecdbc58d1e0d49880811bcf05
processed_data/commercial-finance/outputs/F10_月度更新练习/2013-10.csv,analysis_output,Financial_Analyst_学习资源/03_Financial_Sample/F1-F10_完成示例/F10_月度更新练习/2013-10.csv,8616,79c6f3842dca2236cc78683f10656f7c4c893226ea1a29bc9c575888db7d0225
processed_data/commercial-finance/outputs/F10_月度更新练习/2014-09.csv,analysis_output,Financial_Analyst_学习资源/03_Financial_Sample/F1-F10_完成示例/F10_月度更新练习/2014-09.csv,4485,e7062bf586db1e475e50a264559ef7fce3fa04440472713854603a4ef1e56645
processed_data/commercial-finance/outputs/F10_月度更新练习/2014-08.csv,analysis_output,Financial_Analyst_学习资源/03_Financial_Sample/F1-F10_完成示例/F10_月度更新练习/2014-08.csv,4364,49310cb1ea991aa457ca398866fffbc44f6c25aaf4a7c4302fdefb4afd808936
raw_data/global-electronics/Sales.csv,original_download,Financial_Analyst_学习资源/04_Global_Electronics_Retailer/Sales.csv,2736163,038b671849788a318fcae8bcb9fbb381260b6e8f820b9b2ece6ea3b996116ae5
raw_data/global-electronics/Customers.csv,original_download,Financial_Analyst_学习资源/04_Global_Electronics_Retailer/Customers.csv,1413948,13648b10fc28a71b64f149933e5f3d652d01a391682a490f173ba596707aebbc
raw_data/global-electronics/Products.csv,original_download,Financial_Analyst_学习资源/04_Global_Electronics_Retailer/Products.csv,302187,86c15fc8d8199e974440b3430eecb5b2576aa76b3069195ef4bf18cf50ca3f7a
raw_data/global-electronics/Stores.csv,original_download,Financial_Analyst_学习资源/04_Global_Electronics_Retailer/Stores.csv,2696,54963363ebd4e2c1a2627caf56fd89e2c18f3a97a15af9a404c3094120f2a50f
raw_data/global-electronics/Exchange_Rates.csv,original_download,Financial_Analyst_学习资源/04_Global_Electronics_Retailer/Exchange_Rates.csv,222796,4a7074c4f7ac81a368f934cebee4c8e0d8d7a3938f93c4a2977adbc3056fbc70
raw_data/global-electronics/Data_Dictionary.csv,original_download,Financial_Analyst_学习资源/04_Global_Electronics_Retailer/Data_Dictionary.csv,1700,a582c81c1cc735608c9f001c6bf1516194e9c054897533a5e129f15c40c9d323
processed_data/global-electronics/prepared_inputs/Customers_UTF8.csv,encoding_conversion,Financial_Analyst_学习资源/04_Global_Electronics_Retailer/UTF8_导入版/Customers.csv,1415589,933258266c3bd9a633f236eff21527d4117598994de209384374d7bf4cf47b96
processed_data/global-electronics/outputs/E7_Delivery.csv,analysis_output,Financial_Analyst_学习资源/04_Global_Electronics_Retailer/E1-E10_完成示例/E7_Delivery.csv,768,4e75de543299abe570c33940b327a65c7f34aad59f99cb30481d897d4f12f88f
processed_data/global-electronics/outputs/E6_Demographics.csv,analysis_output,Financial_Analyst_学习资源/04_Global_Electronics_Retailer/E1-E10_完成示例/E6_Demographics.csv,2611,facbec614bbe62cb6d2a4fa0bd1515c6de4a5976d1c73a83da1a40985a2cbd70
processed_data/global-electronics/outputs/E3_Monthly_Channel.csv,analysis_output,Financial_Analyst_学习资源/04_Global_Electronics_Retailer/E1-E10_完成示例/E3_Monthly_Channel.csv,14548,6403c51b252ac594a040e629b5d34fe591de462dfdfaa8a48094def076daa954
processed_data/global-electronics/outputs/E10_Update_Check.csv,analysis_output,Financial_Analyst_学习资源/04_Global_Electronics_Retailer/E1-E10_完成示例/E10_Update_Check.csv,198,2bc639bbdb118bf1bd052b1a46745cc30743ace9840044651ae6c7c759cf31be
processed_data/global-electronics/outputs/E3_Orders.csv,analysis_output,Financial_Analyst_学习资源/04_Global_Electronics_Retailer/E1-E10_完成示例/E3_Orders.csv,4112166,06d51393f293277e4b997a58fa134ff6f11af28a2dbfd1519a864fca1d78aa45
processed_data/global-electronics/outputs/E4_Customer_Country.csv,analysis_output,Financial_Analyst_学习资源/04_Global_Electronics_Retailer/E1-E10_完成示例/E4_Customer_Country.csv,5444,63cb65535f9e219f6c229048256dd6aac270ac019d06667e6a197482e803beab
processed_data/global-electronics/outputs/E6_Retention.csv,analysis_output,Financial_Analyst_学习资源/04_Global_Electronics_Retailer/E1-E10_完成示例/E6_Retention.csv,13668,8df8b31482846f988b35faa5de75f88d858d7c0ae47f3d464e8106b49612e617
processed_data/global-electronics/outputs/E6_Customer_90d.csv,analysis_output,Financial_Analyst_学习资源/04_Global_Electronics_Retailer/E1-E10_完成示例/E6_Customer_90d.csv,551540,d2f34dd441b94880de5ef519fcbec7e33b4a216c752dcdfcab0cd6ef6b3aa2af
processed_data/global-electronics/outputs/E2_Priced_Sales_Lines.csv,analysis_output,Financial_Analyst_学习资源/04_Global_Electronics_Retailer/E1-E10_完成示例/E2_Priced_Sales_Lines.csv,23066282,4bab0c839d82d82bb3b67962e6d7784184b6c41e88883076fbbd90d525fddc80
processed_data/global-electronics/outputs/E5_Store_Comparability.csv,analysis_output,Financial_Analyst_学习资源/04_Global_Electronics_Retailer/E1-E10_完成示例/E5_Store_Comparability.csv,19076,9db9dfc10d71987dfbddb5b3b785a071bb4cc4d4ea35ade2ede55ccc0a3def67
processed_data/global-electronics/outputs/E8_Contributions.csv,analysis_output,Financial_Analyst_学习资源/04_Global_Electronics_Retailer/E1-E10_完成示例/E8_Contributions.csv,6081,67792e520c3fe0809be1fa997f894770a5b807beeb4b6bd74b49f346abcd63df
processed_data/global-electronics/outputs/E8_SKU_Quantity_Bridge.csv,analysis_output,Financial_Analyst_学习资源/04_Global_Electronics_Retailer/E1-E10_完成示例/E8_SKU_Quantity_Bridge.csv,223115,427c3da9dd97176f4d03a6d0e942affe5caaa418aad9959a321e3a5bc84d57b9
processed_data/global-electronics/outputs/E10_核对查询.sql,analysis_output,Financial_Analyst_学习资源/04_Global_Electronics_Retailer/E1-E10_完成示例/E10_核对查询.sql,530,4a8e32aef6d67a4f71bf7c912c12efd3dbd7361d37592fe6c712fab5962ae806
processed_data/global-electronics/outputs/E4_Brand.csv,analysis_output,Financial_Analyst_学习资源/04_Global_Electronics_Retailer/E1-E10_完成示例/E4_Brand.csv,7662,c6ec2a18252c8fe0918ee73460880883fad5a90fdaa02a2d29d509e17fecb072
processed_data/global-electronics/outputs/E4_Category.csv,analysis_output,Financial_Analyst_学习资源/04_Global_Electronics_Retailer/E1-E10_完成示例/E4_Category.csv,5751,4d4599c3b272c081eceef1e2c66509d9b72845f86ec00b560146c0b383bf955f
processed_data/global-electronics/outputs/E1_Data_Checks.csv,analysis_output,Financial_Analyst_学习资源/04_Global_Electronics_Retailer/E1-E10_完成示例/E1_Data_Checks.csv,1624,430ce512fe283df972c9a94e989e4e2fe472603ebd692d9cf7da4fcc042894c2
processed_data/global-electronics/outputs/E6_Cohorts.csv,analysis_output,Financial_Analyst_学习资源/04_Global_Electronics_Retailer/E1-E10_完成示例/E6_Cohorts.csv,1828,3b405255408c688c1ac9ebecf03f36ee187ba4c8ebfcd2684daf50637e635c39
processed_data/global-electronics/outputs/E4_Store.csv,analysis_output,Financial_Analyst_学习资源/04_Global_Electronics_Retailer/E1-E10_完成示例/E4_Store.csv,47662,4717d28e3cf9734c9f12881b811ef939d294890087a4a879bb8c227dc15f1c61
processed_data/global-electronics/outputs/E3_Annual.csv,analysis_output,Financial_Analyst_学习资源/04_Global_Electronics_Retailer/E1-E10_完成示例/E3_Annual.csv,720,a61415d0735307018f11d451df86a47a19f5e4f4482f3cb09bd7f0c76e4767d0
processed_data/global-electronics/outputs/E8_Annual_Bridge.csv,analysis_output,Financial_Analyst_学习资源/04_Global_Electronics_Retailer/E1-E10_完成示例/E8_Annual_Bridge.csv,88,227c4dbd8533f7cde29643066dc234589b2d16551416f0017c6e50b035486b3e
processed_data/global-electronics/outputs/E9_Store_Review_Shortlist.csv,analysis_output,Financial_Analyst_学习资源/04_Global_Electronics_Retailer/E1-E10_完成示例/E9_Store_Review_Shortlist.csv,1759,28d7498673e62ce1f844903e4f26dd69feb518197c24b9740674b482715c7ec8
processed_data/global-electronics/outputs/E2_Product_Build.csv,analysis_output,Financial_Analyst_学习资源/04_Global_Electronics_Retailer/E1-E10_完成示例/E2_Product_Build.csv,459727,d7d90ccc016ac23ba91e90522d42e967188eea5a8592f654f34434f3cbd9ecd3
processed_data/global-electronics/outputs/E6_New_Existing.csv,analysis_output,Financial_Analyst_学习资源/04_Global_Electronics_Retailer/E1-E10_完成示例/E6_New_Existing.csv,599,9031513e18f71e5ab7d7273e4ebe2fa431158aabe68ace74ea0ed05547e5a753
processed_data/global-electronics/outputs/E7_FX_Illustration.csv,analysis_output,Financial_Analyst_学习资源/04_Global_Electronics_Retailer/E1-E10_完成示例/E7_FX_Illustration.csv,831,ce17c7a76382d3b6eb61423973294d58d5776755d615747fe7443a9689e01484
processed_data/commercial-finance/outputs/FP&A_extensions/F11_回测明细.json,planning_or_backtest_output,Financial_Analyst_学习资源/06_FA_求职强化/F11_回测明细.json,42623,aaacdc3018ee86fccf9f6a1cff285e815cd8a0b5466a7afe9fe0b609a7ad9bc1
processed_data/commercial-finance/outputs/FP&A_extensions/F11_回测逻辑.sql,planning_or_backtest_output,Financial_Analyst_学习资源/06_FA_求职强化/F11_回测逻辑.sql,1827,ef1e603e55b758bf3494214abc8b30da4b15f6b5e24f575473caff4612d12de6
processed_data/commercial-finance/outputs/FP&A_extensions/F11_Forecast_Backtest.sqlite,planning_or_backtest_output,Financial_Analyst_学习资源/06_FA_求职强化/F11_Forecast_Backtest.sqlite,57344,d4ff64d016979e8c9cc947a1e99d41f5841125596eef7b2525c6afc17a7dc06b
processed_data/commercial-finance/outputs/FP&A_extensions/F18_验证记录.json,planning_or_backtest_output,Financial_Analyst_学习资源/06_FA_求职强化/F18_验证记录.json,280,f5a8751d9a3afb0a8ef4a414ebebb7eaa9644be25abb71db6e88167a83f29dcf
processed_data/commercial-finance/outputs/FP&A_extensions/F18_已验证版本/sample_2014_12_v1.sqlite,planning_or_backtest_output,Financial_Analyst_学习资源/06_FA_求职强化/F18_已验证版本/sample_2014_12_v1.sqlite,61440,1b795a33d95a5953d8d3744249aa38be96eda65e00a075fc0b470bd6890f6f02
processed_data/commercial-finance/worksheets/Commercial_Performance.xlsx,completed_worksheet,Financial_Analyst_学习资源/03_Financial_Sample/F1-F10_完成示例/F1-F10_Commercial_Performance.xlsx,154948,ff6e5bb04ad7362d03af58f5cb5cddf7649a9abfd70bb0e5c215fd3f8c0e7528
processed_data/commercial-finance/worksheets/Forecast_Cash_Close.xlsx,completed_worksheet,Financial_Analyst_学习资源/06_FA_求职强化/F15-F17_FP&A_Forecast_Cash_Close.xlsx,19247,6a2bc21a799717856f8574151d88280ff88fac431adca09e62b1d35efab24c88
processed_data/pets-more/worksheets/B9_Analysis.xlsx,completed_worksheet,outputs/b_tasks_demo_20260925/B9_业务复盘与行动.xlsx,19994,a36a6b48857bb09e2861f1d59b6e3de8e414ebb76f4a60af719c2ce6a72f3af1
processed_data/pets-more/worksheets/B10_Analysis.xlsx,completed_worksheet,outputs/b_tasks_demo_20260925/B10_现金与资金需求示范.xlsx,21237,56e700afa47bd515a380e0fd33ec9c3ce269b7daf9b34cf4cd7da728f6888d05
processed_data/pets-more/worksheets/B4_Analysis.xlsx,completed_worksheet,outputs/b_tasks_demo_20260925/B4_三项重点差异.xlsx,17557,df33b1a85328859fa251bf931a97e514a27ba83f32b3de1fa82ef0ebbbd3111d
processed_data/pets-more/worksheets/B7_Analysis.xlsx,completed_worksheet,outputs/b_tasks_demo_20260925/B7_改善情景比较.xlsx,19966,a5fe222bedbd8541cd54be38bd6fa621412d025b17011f87030018cc871aea79
processed_data/pets-more/worksheets/B3_Analysis.xlsx,completed_worksheet,outputs/b_tasks_demo_20260925/B3_五月预算差异.xlsx,15730,b9c8ac93ca01f0278cd10c12bb482bee894dec4b5369faac12c365ffea17762f
processed_data/pets-more/worksheets/B2_Analysis.xlsx,completed_worksheet,outputs/b_tasks_demo_20260925/B2_月度收入与费用.xlsx,17292,0ba732ac3daff3170216d9f431f3b2c7a9738abedfbc89f8f30fdc8649b36665
processed_data/pets-more/worksheets/B6_Analysis.xlsx,completed_worksheet,outputs/b_tasks_demo_20260925/B6_全年更新预测.xlsx,18023,260fb27e9dd55025ec97350592bc68d4dea648a266960f2c7e58b90e07a36199
processed_data/pets-more/worksheets/B1_Analysis.xlsx,completed_worksheet,outputs/b_tasks_demo_20260925/B1_数据地图与收支分类.xlsx,14952,e534fcaebdc4c1687e700e9d6769b8297f6361aca016016e3db287ddfd6f8ef1
processed_data/pets-more/worksheets/B5_Analysis.xlsx,completed_worksheet,outputs/b_tasks_demo_20260925/B5_累计表现与贡献.xlsx,18534,ed34795936dc5d54fb2c11155086d7733c1f60409fe3bcf625ef7f6931c9967e
processed_data/pets-more/worksheets/B8_Analysis.xlsx,completed_worksheet,outputs/b_tasks_demo_20260925/B8_月结核对示范.xlsx,14100,4132be21e9aa48761e2db225270d9565b4cadaae48a43bb0d590fed76a36f52a
processed_data/it-spend/worksheets/Analysis.xlsx,completed_worksheet,Financial_Analyst_学习资源/02_IT_Spend_Analysis/I1-I10_完成示例/I1-I10_IT_Finance_Analysis.xlsx,121754,855e60d23e3116482e4588a1fd31005ccde771b01c46e2c201cdb26ff3842872
processed_data/global-electronics/worksheets/Analysis.xlsx,completed_worksheet,Financial_Analyst_学习资源/04_Global_Electronics_Retailer/E1-E10_完成示例/E1-E10_Retail_Performance.xlsx,270224,1057f5aa698b088dbc7164d7dd81fc06cdca6ff42a1b75846661e0326516f08a
