id,company,driver,published_at,observation_period,source_url,factual_datapoint,rationale,suggested_adjustment_analyst_judgment,confidence,duplicate_overlap_risk,evidence_type,eligible_pre_quarter,eligible_mid_quarter,binding_scope,source_excerpt,excerpt_scope,source_quote_fragments,source_factual_extract,factual_extract_kind,source_locator,local_source_file,source_capture_status,extraction_provenance,claim_support,admission_status,excluded_from_model,external_source_review_id,source_factual_extract_count,source_support_urls,local_web_review_file,date_verification_note,eligibility_limitation
PG01,PG,organic_sales_and_cost_guidance,2026-01-22,FY2026 guidance; quarter ended 2025-12-31,https://www.pginvestor.com/news/news-details/2026/PG-Announces-Fiscal-Year-2026-Second-Quarter-Results/default.aspx,FY organic sales growth guidance 0–4%; commodity impact neutral; tariffs $400m after-tax headwind; FX $200m after-tax tailwind.,Company-specific outlook anchors demand and input-cost assumptions.,Keep organic-growth scenario envelope near 0–4%; downside commodity/tariff margin stress 0–50bp relative to history. Do not allocate the entire annual tariff cost to Q4.,High on guidance; medium on mapping,Cost guidance already incorporates commodities/tariffs/FX; do not add full macro shocks again.,management_guidance,True,True,Only the cited historical observation or existence of guidance is binding; all target-quarter mappings are analyst judgment.,commodity costs to be neutral for the year,Short original wording plus separately labeled compact source fact transcription jointly support the record. Numeric fact cells are not quoted prose.,"[""commodity costs to be neutral for the year""]","[{""label"": ""Organic sales growth guidance"", ""source_value"": ""0 to 4"", ""unit_or_scope"": ""percent YoY; fiscal 2026""}, {""label"": ""Commodity-cost guidance"", ""source_value"": ""neutral"", ""unit_or_scope"": ""fiscal 2026""}, {""label"": ""Tariff cost guidance"", ""source_value"": 400, ""unit_or_scope"": ""USD million; after-tax headwind; fiscal 2026""}, {""label"": ""FX guidance"", ""source_value"": 200, ""unit_or_scope"": ""USD million; after-tax tailwind; fiscal 2026""}]",Curator transcription of source facts and numeric table cells; NOT a verbatim quotation; NOT analyst forecast assumptions.,"Fiscal Year 2026 Guidance, first and third paragraphs (archived release lines 95 and 98).",data/research/raw/PG01.html,Official source downloaded; original file available for human verification.,Human-readable primary-source release inspected by research agent via web tool; values copied into labeled fact cells. Monetary billions converted to millions only where explicit in label/value. See source_locator and original file where available.,"{""published_observations"": ""Every element of factual_datapoint is represented in source_factual_extract."", ""short_quote"": ""source_excerpt and source_quote_fragments contain only verbatim fragments, separated by explicit omissions."", ""rationale"": ""Analyst causal interpretation, not an observed elasticity or a claim quoted from the source."", ""numerical_adjustment"": ""Explicitly illustrative analyst scenario sensitivity, not calibrated from the source.""}",admitted,False,SRC_PG01,4,,,,
PG02,PG,consumer_price_pressure,2026-03-11,February 2026,https://www.bls.gov/news.release/archives/cpi_03112026.htm,CPI +0.3% month-on-month seasonally adjusted; +2.4% year-on-year unadjusted.,"General household affordability backdrop, not P&G realized pricing.",Consider volume-growth downside 0–0.5 percentage points; do not directly apply CPI as price growth.,High observation; low company elasticity,Overlaps real spending and PPI; use one demand stress budget.,reported_observation,True,True,Only the cited historical observation or existence of guidance is binding; all target-quarter mappings are analyst judgment.,increased 0.3 percent on a seasonally adjusted basis […] increased 2.4 percent,Short original wording plus separately labeled compact source fact transcription jointly support the record. Numeric fact cells are not quoted prose.,"[""increased 0.3 percent on a seasonally adjusted basis"", ""increased 2.4 percent""]","[{""label"": ""All-items CPI monthly change"", ""source_value"": 0.3, ""unit_or_scope"": ""percent; seasonally adjusted; February 2026""}, {""label"": ""All-items CPI annual change"", ""source_value"": 2.4, ""unit_or_scope"": ""percent; unadjusted; 12 months ending February 2026""}]",Curator transcription of source facts and numeric table cells; NOT a verbatim quotation; NOT analyst forecast assumptions.,"Official PDF page 1, opening paragraph lines 5–8; monthly 0.3% SA and annual 2.4% unadjusted. PDF page 9 Table 1 All items row corroborates.",,Official dated release inspected via web tool; direct archive download blocked by publisher. No full local capture claimed.,Human-readable primary-source release inspected by research agent via web tool; values copied into labeled fact cells. Monetary billions converted to millions only where explicit in label/value. See source_locator and original file where available.,"{""published_observations"": ""Every element of factual_datapoint is represented in source_factual_extract."", ""short_quote"": ""source_excerpt and source_quote_fragments contain only verbatim fragments, separated by explicit omissions."", ""rationale"": ""Analyst causal interpretation, not an observed elasticity or a claim quoted from the source."", ""numerical_adjustment"": ""Explicitly illustrative analyst scenario sensitivity, not calibrated from the source.""}",admitted,False,SRC_PG02,2,"[""https://www.bls.gov/news.release/archives/cpi_03112026.htm"", ""https://www.bls.gov/news.release/archives/cpi_03112026.pdf""]",data/research/raw/cpi_noaa_review_web_review.json,,
PG03,PG,input_cost_pressure,2026-03-18,February 2026 first-published vintage,https://www.bls.gov/news.release/archives/ppi_03182026.htm,Final-demand PPI +0.7% month-on-month seasonally adjusted; +3.4% year-on-year.,"Upstream inflation is an imperfect signal for packaging, freight and raw materials.","Gross-margin downside 0–30bp beyond baseline, subject to company guidance and procurement lag.",High observation; low quantitative transmission,Overlaps PG01 company cost guidance. Preserve the March 18 release vintage; later revisions must not overwrite this pre-quarter observation.,reported_observation,True,True,Only the cited historical observation or existence of guidance is binding; all target-quarter mappings are analyst judgment.,increased 0.7 percent in February […] rose 3.4 percent,Short original wording plus separately labeled compact source fact transcription jointly support the record. Numeric fact cells are not quoted prose.,"[""increased 0.7 percent in February"", ""rose 3.4 percent""]","[{""label"": ""Final-demand PPI monthly change"", ""source_value"": 0.7, ""unit_or_scope"": ""percent; seasonally adjusted; February 2026; March 18 vintage""}, {""label"": ""Final-demand PPI annual change"", ""source_value"": 3.4, ""unit_or_scope"": ""percent; unadjusted; 12 months ending February 2026""}]",Curator transcription of source facts and numeric table cells; NOT a verbatim quotation; NOT analyst forecast assumptions.,"Opening PPI paragraph and Table A, February 2026 row; March 18 publication.",,Official dated release inspected via web tool; direct archive download blocked by publisher. No full local capture claimed.,Human-readable primary-source release inspected by research agent via web tool; values copied into labeled fact cells. Monetary billions converted to millions only where explicit in label/value. See source_locator and original file where available.,"{""published_observations"": ""Every element of factual_datapoint is represented in source_factual_extract."", ""short_quote"": ""source_excerpt and source_quote_fragments contain only verbatim fragments, separated by explicit omissions."", ""rationale"": ""Analyst causal interpretation, not an observed elasticity or a claim quoted from the source."", ""numerical_adjustment"": ""Explicitly illustrative analyst scenario sensitivity, not calibrated from the source.""}",admitted,False,SRC_PG03,2,,data/research/raw/bls_review_web_review.json,,
PG04,PG,real_consumer_demand,2026-03-13,January 2026 first release,https://www.bea.gov/sites/default/files/2026-03/pi0126.pdf,Real PCE +0.1% month-on-month; nominal goods spending fell $24.6bn; saving rate 4.5%.,Weak real spending argues against inferring strong unit growth from nominal sales.,Volume-growth adjustment -0.5 to 0 percentage points relative to history-only.,High observation; medium directional,Same household demand channel as PG02; do not sum mechanically.,reported_observation,True,True,Only the cited historical observation or existence of guidance is binding; all target-quarter mappings are analyst judgment.,Real PCE increased $17.0 billion (0.1 percent at a monthly rate) […] decrease of $24.6 billion […] was 4.5 percent,Short original wording plus separately labeled compact source fact transcription jointly support the record. Numeric fact cells are not quoted prose.,"[""Real PCE increased $17.0 billion (0.1 percent at a monthly rate)"", ""decrease of $24.6 billion"", ""was 4.5 percent""]","[{""label"": ""Real PCE monthly change"", ""source_value"": 0.1, ""unit_or_scope"": ""percent; January 2026""}, {""label"": ""Current-dollar goods PCE monthly change"", ""source_value"": -24.6, ""unit_or_scope"": ""USD billion; January 2026""}, {""label"": ""Personal saving rate"", ""source_value"": 4.5, ""unit_or_scope"": ""percent of disposable personal income; January 2026""}]",Curator transcription of source facts and numeric table cells; NOT a verbatim quotation; NOT analyst forecast assumptions.,"Release page 1: PCE, saving, spending-on-goods and real PCE paragraphs.",data/research/raw/PG04.pdf,Official source downloaded; original file available for human verification.,Human-readable primary-source release inspected by research agent via web tool; values copied into labeled fact cells. Monetary billions converted to millions only where explicit in label/value. See source_locator and original file where available.,"{""published_observations"": ""Every element of factual_datapoint is represented in source_factual_extract."", ""short_quote"": ""source_excerpt and source_quote_fragments contain only verbatim fragments, separated by explicit omissions."", ""rationale"": ""Analyst causal interpretation, not an observed elasticity or a claim quoted from the source."", ""numerical_adjustment"": ""Explicitly illustrative analyst scenario sensitivity, not calibrated from the source.""}",admitted,False,SRC_PG04,3,,,,
PG05,PG,interest_rates_and_equity_valuation,2026-03-18,March 2026 policy decision,https://www.federalreserve.gov/newsevents/pressreleases/monetary20260318a.htm,Federal funds target maintained at 3.50–3.75%.,Financing and valuation anchor; policy rate is not P&G borrowing cost or a stock-return forecast.,Base immediate interest-expense change zero without refinancing evidence; sensitivity +/-25bp on floating/repriced debt only. Equity discount-rate sensitivity separate from operating forecast.,High fact; low firm-specific pass-through,PG01 already includes annual interest/tax headwind; no duplicate earnings charge.,reported_observation,True,True,Only the cited historical observation or existence of guidance is binding; all target-quarter mappings are analyst judgment.,3‑1/2 to 3‑3/4 percent,Short original wording plus separately labeled compact source fact transcription jointly support the record. Numeric fact cells are not quoted prose.,"[""3‑1/2 to 3‑3/4 percent""]","[{""label"": ""Federal funds target lower bound"", ""source_value"": 3.5, ""unit_or_scope"": ""percent""}, {""label"": ""Federal funds target upper bound"", ""source_value"": 3.75, ""unit_or_scope"": ""percent""}, {""label"": ""Decision"", ""source_value"": ""maintained"", ""unit_or_scope"": ""March 18, 2026""}]",Curator transcription of source facts and numeric table cells; NOT a verbatim quotation; NOT analyst forecast assumptions.,FOMC statement: policy decision paragraph beginning In support of its goals.,data/research/raw/PG05_TRV03.html,Official source downloaded; original file available for human verification.,Human-readable primary-source release inspected by research agent via web tool; values copied into labeled fact cells. Monetary billions converted to millions only where explicit in label/value. See source_locator and original file where available.,"{""published_observations"": ""Every element of factual_datapoint is represented in source_factual_extract."", ""short_quote"": ""source_excerpt and source_quote_fragments contain only verbatim fragments, separated by explicit omissions."", ""rationale"": ""Analyst causal interpretation, not an observed elasticity or a claim quoted from the source."", ""numerical_adjustment"": ""Explicitly illustrative analyst scenario sensitivity, not calibrated from the source.""}",admitted,False,SRC_PG05,3,,,,
PG06,PG,updated_company_guidance,2026-04-24,FY2026 guidance update; quarter ended 2026-03-31,https://www.pginvestor.com/news/news-details/2026/PG-Announces-Fiscal-Year-2026-Third-Quarter-Results/default.aspx,FY commodity headwind now $150m after tax; tariffs $400m and FX tailwind $200m unchanged; EPS expected toward lower end of range. Q3 organic growth 3%.,Clear company-specific cost deterioration and demand update available only in May vintage.,"Relative to refreshed history control, gross-margin adjustment -20 to -80bp; use guidance as cross-check, not hard quarterly EPS target.",High facts; medium allocation,PG08 corroborates this cost signal; cap joint cost adjustment instead of summing. Historical Q3 refresh must be attributed separately.,management_guidance,False,True,Only the cited historical observation or existence of guidance is binding; all target-quarter mappings are analyst judgment.,toward the lower-end of the guidance range […] approximately $150 million after tax,Short original wording plus separately labeled compact source fact transcription jointly support the record. Numeric fact cells are not quoted prose.,"[""toward the lower-end of the guidance range"", ""approximately $150 million after tax""]","[{""label"": ""Commodity-cost guidance"", ""source_value"": 150, ""unit_or_scope"": ""USD million; after-tax headwind; fiscal 2026""}, {""label"": ""Tariff cost guidance"", ""source_value"": 400, ""unit_or_scope"": ""USD million; after-tax headwind; fiscal 2026""}, {""label"": ""FX guidance"", ""source_value"": 200, ""unit_or_scope"": ""USD million; after-tax tailwind; fiscal 2026""}, {""label"": ""EPS outlook positioning"", ""source_value"": ""toward lower end"", ""unit_or_scope"": ""fiscal 2026 guidance range""}, {""label"": ""Organic sales growth"", ""source_value"": 3, ""unit_or_scope"": ""percent YoY; quarter ended March 31, 2026""}]",Curator transcription of source facts and numeric table cells; NOT a verbatim quotation; NOT analyst forecast assumptions.,"Opening results paragraph and Fiscal Year 2026 Guidance, commodity/tariff/FX and lower-end EPS paragraphs.",data/research/raw/PG06.html,Official source downloaded; original file available for human verification.,Human-readable primary-source release inspected by research agent via web tool; values copied into labeled fact cells. Monetary billions converted to millions only where explicit in label/value. See source_locator and original file where available.,"{""published_observations"": ""Every element of factual_datapoint is represented in source_factual_extract."", ""short_quote"": ""source_excerpt and source_quote_fragments contain only verbatim fragments, separated by explicit omissions."", ""rationale"": ""Analyst causal interpretation, not an observed elasticity or a claim quoted from the source."", ""numerical_adjustment"": ""Explicitly illustrative analyst scenario sensitivity, not calibrated from the source.""}",admitted,False,SRC_PG06,5,,,,
PG07,PG,consumer_inflation_update,2026-05-12,April 2026 initial release,https://www.bls.gov/news.release/archives/cpi_05122026.htm,CPI +0.6% month-on-month and +3.8% year-on-year; energy +3.8% month-on-month; personal care +0.7% month-on-month.,In-quarter affordability pressure and category prices rose; category CPI includes competitors and retail margins.,"Price/mix adjustment 0–0.5 percentage points; volume downside 0–0.5 points, jointly rather than assumed full pass-through.",High observations; low elasticity,Shares inflation signal with PG08 and demand PG09.,reported_observation,False,True,Only the cited historical observation or existence of guidance is binding; all target-quarter mappings are analyst judgment.,the personal care index rose 0.7 percent […] increased 0.6 percent on a seasonally adjusted basis,Short original wording plus separately labeled compact source fact transcription jointly support the record. Numeric fact cells are not quoted prose.,"[""the personal care index rose 0.7 percent"", ""increased 0.6 percent on a seasonally adjusted basis""]","[{""label"": ""All-items CPI monthly change"", ""source_value"": 0.6, ""unit_or_scope"": ""percent; seasonally adjusted; April 2026""}, {""label"": ""All-items CPI annual change"", ""source_value"": 3.8, ""unit_or_scope"": ""percent; unadjusted; 12 months ending April 2026""}, {""label"": ""Energy CPI monthly change"", ""source_value"": 3.8, ""unit_or_scope"": ""percent; April 2026""}, {""label"": ""Personal-care CPI monthly change"", ""source_value"": 0.7, ""unit_or_scope"": ""percent; April 2026""}]",Curator transcription of source facts and numeric table cells; NOT a verbatim quotation; NOT analyst forecast assumptions.,Opening CPI paragraphs and All items less food and energy paragraph (personal care); Table A April column.,,Official dated release inspected via web tool; direct archive download blocked by publisher. No full local capture claimed.,Human-readable primary-source release inspected by research agent via web tool; values copied into labeled fact cells. Monetary billions converted to millions only where explicit in label/value. See source_locator and original file where available.,"{""published_observations"": ""Every element of factual_datapoint is represented in source_factual_extract."", ""short_quote"": ""source_excerpt and source_quote_fragments contain only verbatim fragments, separated by explicit omissions."", ""rationale"": ""Analyst causal interpretation, not an observed elasticity or a claim quoted from the source."", ""numerical_adjustment"": ""Explicitly illustrative analyst scenario sensitivity, not calibrated from the source.""}",admitted,False,SRC_PG07,4,,data/research/raw/bls_detail_web_review.json,,
PG08,PG,input_inflation_update,2026-05-13,April 2026 initial release,https://www.bls.gov/news.release/archives/ppi_05132026.htm,"Final-demand PPI +1.4% month-on-month, +6.0% year-on-year; goods +2.0% month-on-month; transportation/warehousing services +5.0%.",Higher freight and producer prices strengthen cost downside; final demand is not a company cost basket.,Use 0–30bp incremental cost stress only if not already captured in PG06; procurement/inventory lag limits immediate recognition.,High facts; medium direction; low magnitude,"Do not add broad PPI, freight and company commodity guidance as independent full shocks.",reported_observation,False,True,Only the cited historical observation or existence of guidance is binding; all target-quarter mappings are analyst judgment.,The Producer Price Index for final demand increased 1.4 percent in April […] 5.0 percent,Short original wording plus separately labeled compact source fact transcription jointly support the record. Numeric fact cells are not quoted prose.,"[""The Producer Price Index for final demand increased 1.4 percent in April"", ""5.0 percent""]","[{""label"": ""Final-demand PPI monthly change"", ""source_value"": 1.4, ""unit_or_scope"": ""percent; seasonally adjusted; April 2026""}, {""label"": ""Final-demand PPI annual change"", ""source_value"": 6.0, ""unit_or_scope"": ""percent; unadjusted; 12 months ending April 2026""}, {""label"": ""Final-demand goods monthly change"", ""source_value"": 2.0, ""unit_or_scope"": ""percent; April 2026""}, {""label"": ""Final-demand transportation and warehousing services monthly change"", ""source_value"": 5.0, ""unit_or_scope"": ""percent; April 2026""}]",Curator transcription of source facts and numeric table cells; NOT a verbatim quotation; NOT analyst forecast assumptions.,Opening PPI paragraph; Final demand goods paragraph; Final demand services transportation/warehousing paragraph.,,Official dated release inspected via web tool; direct archive download blocked by publisher. No full local capture claimed.,Human-readable primary-source release inspected by research agent via web tool; values copied into labeled fact cells. Monetary billions converted to millions only where explicit in label/value. See source_locator and original file where available.,"{""published_observations"": ""Every element of factual_datapoint is represented in source_factual_extract."", ""short_quote"": ""source_excerpt and source_quote_fragments contain only verbatim fragments, separated by explicit omissions."", ""rationale"": ""Analyst causal interpretation, not an observed elasticity or a claim quoted from the source."", ""numerical_adjustment"": ""Explicitly illustrative analyst scenario sensitivity, not calibrated from the source.""}",admitted,False,SRC_PG08,4,,data/research/raw/bls_detail_web_review.json,,
PG09,PG,consumer_demand_update,2026-04-30,March 2026 initial release,https://www.bea.gov/sites/default/files/2026-04/pi0326.pdf,Real PCE +0.2% month-on-month; real disposable income -0.1%; saving rate 3.6%; nominal PCE +0.9%.,"Nominal spending strength exceeded real growth, limiting inferred volume upside.",Volume-growth adjustment -0.5 to +0.25 percentage points versus refreshed historical trend.,High facts; medium direction,Combine with PG07 affordability; do not treat nominal and real PCE as two independent growth boosts.,reported_observation,False,True,Only the cited historical observation or existence of guidance is binding; all target-quarter mappings are analyst judgment.,Real PCE increased $39.6 billion (0.2 percent at a monthly rate),Short original wording plus separately labeled compact source fact transcription jointly support the record. Numeric fact cells are not quoted prose.,"[""Real PCE increased $39.6 billion (0.2 percent at a monthly rate)""]","[{""label"": ""Real PCE monthly change"", ""source_value"": 0.2, ""unit_or_scope"": ""percent; March 2026""}, {""label"": ""Real disposable personal income monthly change"", ""source_value"": -0.1, ""unit_or_scope"": ""percent; March 2026""}, {""label"": ""Personal saving rate"", ""source_value"": 3.6, ""unit_or_scope"": ""percent of disposable personal income; March 2026""}, {""label"": ""Current-dollar PCE monthly change"", ""source_value"": 0.9, ""unit_or_scope"": ""percent; March 2026""}]",Curator transcription of source facts and numeric table cells; NOT a verbatim quotation; NOT analyst forecast assumptions.,"Release page 1: saving and PCE paragraphs; Personal Income and Related Measures table, March column.",data/research/raw/PG09.pdf,Official source downloaded; original file available for human verification.,Human-readable primary-source release inspected by research agent via web tool; values copied into labeled fact cells. Monetary billions converted to millions only where explicit in label/value. See source_locator and original file where available.,"{""published_observations"": ""Every element of factual_datapoint is represented in source_factual_extract."", ""short_quote"": ""source_excerpt and source_quote_fragments contain only verbatim fragments, separated by explicit omissions."", ""rationale"": ""Analyst causal interpretation, not an observed elasticity or a claim quoted from the source."", ""numerical_adjustment"": ""Explicitly illustrative analyst scenario sensitivity, not calibrated from the source.""}",admitted,False,SRC_PG09,4,,,,
PG10,PG,competitive_category_performance,2026-04-30,Unilever January–March 2026,https://www.unilever.com/files/unilever-q1-2026-full-announcement.pdf,"Unilever underlying sales +3.8%, volume +2.9%, price +0.9%; Home Care volume +6.2% with price -0.1%.",Peer volume-led performance supports demand resilience but signals competition in overlapping categories.,No mechanical P&G uplift; stress P&G volume +/-0.5 points or selling-cost ratio +0–20bp for competitive response.,High peer observations; low P&G causality,Different geography/product mix; avoid assuming peer gains equal P&G market-share losses.,reported_observation,False,True,Only the cited historical observation or existence of guidance is binding; all target-quarter mappings are analyst judgment.,volume growth of 2.9% and price growth of 0.9%,Short original wording plus separately labeled compact source fact transcription jointly support the record. Numeric fact cells are not quoted prose.,"[""volume growth of 2.9% and price growth of 0.9%""]","[{""label"": ""Group underlying sales growth"", ""source_value"": 3.8, ""unit_or_scope"": ""percent; Unilever Q1 2026""}, {""label"": ""Group underlying volume growth"", ""source_value"": 2.9, ""unit_or_scope"": ""percent; Unilever Q1 2026""}, {""label"": ""Group underlying price growth"", ""source_value"": 0.9, ""unit_or_scope"": ""percent; Unilever Q1 2026""}, {""label"": ""Home Care underlying volume growth"", ""source_value"": 6.2, ""unit_or_scope"": ""percent; Unilever Q1 2026""}, {""label"": ""Home Care underlying price growth"", ""source_value"": -0.1, ""unit_or_scope"": ""percent; Unilever Q1 2026""}]",Curator transcription of source facts and numeric table cells; NOT a verbatim quotation; NOT analyst forecast assumptions.,PDF page 2 First Quarter Review: Group Growth; PDF page 5 business-group table; publication time PDF page 4.,data/research/raw/PG10_alternate.html,Official source downloaded; original file available for human verification.,Human-readable primary-source release inspected by research agent via web tool; values copied into labeled fact cells. Monetary billions converted to millions only where explicit in label/value. See source_locator and original file where available.,"{""published_observations"": ""Every element of factual_datapoint is represented in source_factual_extract."", ""short_quote"": ""source_excerpt and source_quote_fragments contain only verbatim fragments, separated by explicit omissions."", ""rationale"": ""Analyst causal interpretation, not an observed elasticity or a claim quoted from the source."", ""numerical_adjustment"": ""Explicitly illustrative analyst scenario sensitivity, not calibrated from the source.""}",admitted,False,SRC_PG10,5,,,,
TRV01,TRV,renewal_pricing_retention,2026-01-21,2025 Q4,https://investor.travelers.com/newsroom/press-releases/news-details/2026/Travelers-Reports-Excellent-Fourth-Quarter-and-Full-Year-Results/default.aspx,Business Insurance renewal premium change 6.1%; retention 85%; new business $675m.,"Positive renewal momentum supports future earning, with exposure change included in premium change.","Earned-premium growth tilt +0–1 percentage points relative to historical trend, with earning lag; do not map 6.1% directly to total growth.",High observations; medium directional,Already partly captured in historical written/earned trend; include only incremental tilt.,reported_observation,True,True,Only the cited historical observation or existence of guidance is binding; all target-quarter mappings are analyst judgment.,renewal premium change was 6.1% […] including rate and exposure changes,Short original wording plus separately labeled compact source fact transcription jointly support the record. Numeric fact cells are not quoted prose.,"[""renewal premium change was 6.1%"", ""including rate and exposure changes""]","[{""label"": ""Business Insurance renewal premium change"", ""source_value"": 6.1, ""unit_or_scope"": ""percent; Q4 2025""}, {""label"": ""Business Insurance retention"", ""source_value"": 85, ""unit_or_scope"": ""percent; Q4 2025""}, {""label"": ""Business Insurance new business"", ""source_value"": 675, ""unit_or_scope"": ""USD million; Q4 2025""}, {""label"": ""Renewal premium change definition"", ""source_value"": ""includes rate and exposure changes"", ""unit_or_scope"": ""Operating Statistics definitions""}, {""label"": ""Renewal rate change definition"", ""source_value"": ""excludes exposure changes"", ""unit_or_scope"": ""Operating Statistics definitions""}]",Curator transcription of source facts and numeric table cells; NOT a verbatim quotation; NOT analyst forecast assumptions.,CEO marketplace paragraph; Operating Statistics definitions for renewal premium and renewal rate.,data/research/raw/TRV01_TRV02.html,Official source downloaded; original file available for human verification.,Human-readable primary-source release inspected by research agent via web tool; values copied into labeled fact cells. Monetary billions converted to millions only where explicit in label/value. See source_locator and original file where available.,"{""published_observations"": ""Every element of factual_datapoint is represented in source_factual_extract."", ""short_quote"": ""source_excerpt and source_quote_fragments contain only verbatim fragments, separated by explicit omissions."", ""rationale"": ""Analyst causal interpretation, not an observed elasticity or a claim quoted from the source."", ""numerical_adjustment"": ""Explicitly illustrative analyst scenario sensitivity, not calibrated from the source.""}",admitted,False,SRC_TRV01,5,,,,
TRV02,TRV,investment_income_yield_lag,2026-01-21,2025 Q4,https://investor.travelers.com/newsroom/press-releases/news-details/2026/Travelers-Reports-Excellent-Fourth-Quarter-and-Full-Year-Results/default.aspx,"Net investment income $1.054bn pre-tax, up 10%; company attributes growth to larger average invested assets and higher average long-term fixed-income yield.","Reinvestment and asset growth support income, but coupons reset over time.",Investment-income uplift 0–3% relative to history-only if asset growth/reinvestment persists; not an instantaneous policy-rate multiplier.,High historical facts; medium projection,Overlap with TRV03; asset volume and yield must be modeled separately.,reported_observation,True,True,Only the cited historical observation or existence of guidance is binding; all target-quarter mappings are analyst judgment.,a higher average yield […] growth in average invested assets,Short original wording plus separately labeled compact source fact transcription jointly support the record. Numeric fact cells are not quoted prose.,"[""a higher average yield"", ""growth in average invested assets""]","[{""label"": ""Net investment income"", ""source_value"": 1054, ""unit_or_scope"": ""USD million; pretax; Q4 2025""}, {""label"": ""Net investment income growth"", ""source_value"": 10, ""unit_or_scope"": ""percent YoY; Q4 2025""}, {""label"": ""Company explanation of growth"", ""source_value"": ""larger average invested assets and higher average long-term fixed-income yield"", ""unit_or_scope"": ""Quarterly results commentary""}]",Curator transcription of source facts and numeric table cells; NOT a verbatim quotation; NOT analyst forecast assumptions.,Fourth Quarter 2025 Results: Net investment income paragraph.,data/research/raw/TRV01_TRV02.html,Official source downloaded; original file available for human verification.,Human-readable primary-source release inspected by research agent via web tool; values copied into labeled fact cells. Monetary billions converted to millions only where explicit in label/value. See source_locator and original file where available.,"{""published_observations"": ""Every element of factual_datapoint is represented in source_factual_extract."", ""short_quote"": ""source_excerpt and source_quote_fragments contain only verbatim fragments, separated by explicit omissions."", ""rationale"": ""Analyst causal interpretation, not an observed elasticity or a claim quoted from the source."", ""numerical_adjustment"": ""Explicitly illustrative analyst scenario sensitivity, not calibrated from the source.""}",admitted,False,SRC_TRV02,3,,,,
TRV03,TRV,interest_rate_backdrop,2026-03-18,March 2026 policy decision,https://www.federalreserve.gov/newsevents/pressreleases/monetary20260318a.htm,Federal funds target maintained at 3.50–3.75%.,Stable short rates support cash yields; long bonds and underwriting float have separate duration/exposure.,"Base immediate yield change zero; sensitivity +/-25bp on reinvested fraction, not whole portfolio. Rate increases can reduce bond fair values/equity while eventually supporting income.",High policy fact; medium direction,TRV02 already captures historical yield increases; no second full uplift.,reported_observation,True,True,Only the cited historical observation or existence of guidance is binding; all target-quarter mappings are analyst judgment.,3‑1/2 to 3‑3/4 percent,Short original wording plus separately labeled compact source fact transcription jointly support the record. Numeric fact cells are not quoted prose.,"[""3‑1/2 to 3‑3/4 percent""]","[{""label"": ""Federal funds target lower bound"", ""source_value"": 3.5, ""unit_or_scope"": ""percent""}, {""label"": ""Federal funds target upper bound"", ""source_value"": 3.75, ""unit_or_scope"": ""percent""}, {""label"": ""Decision"", ""source_value"": ""maintained"", ""unit_or_scope"": ""March 18, 2026""}]",Curator transcription of source facts and numeric table cells; NOT a verbatim quotation; NOT analyst forecast assumptions.,FOMC statement: policy decision paragraph beginning In support of its goals.,data/research/raw/PG05_TRV03.html,Official source downloaded; original file available for human verification.,Human-readable primary-source release inspected by research agent via web tool; values copied into labeled fact cells. Monetary billions converted to millions only where explicit in label/value. See source_locator and original file where available.,"{""published_observations"": ""Every element of factual_datapoint is represented in source_factual_extract."", ""short_quote"": ""source_excerpt and source_quote_fragments contain only verbatim fragments, separated by explicit omissions."", ""rationale"": ""Analyst causal interpretation, not an observed elasticity or a claim quoted from the source."", ""numerical_adjustment"": ""Explicitly illustrative analyst scenario sensitivity, not calibrated from the source.""}",admitted,False,SRC_TRV03,3,,,,
TRV04,TRV,social_inflation_tail_risk,2024-09-07,Swiss Re estimate for US 2023,https://www.swissre.com/dam/jcr%3A6bc7d3b7-0f42-4209-a01a-e22787b98685/sri-sigma4-2024-litigation-costs-claims-inflation-final.pdf,"Swiss Re estimated US social inflation around 7% in 2023, a twenty-year high.","Liability claim severity can exceed consumer inflation; stale structural evidence, not a 2026 observation.",Widen adverse underlying-loss-ratio scenario by +0.5 to +1.5 points; do not add 7% to all claims or assume reserve strengthening.,Medium estimate; low target-quarter magnitude,Inflation and reserve-development risks overlap; underlying claims and prior-year development must remain distinct.,reported_observation,True,True,Only the cited historical observation or existence of guidance is binding; all target-quarter mappings are analyst judgment.,reached around 7% in 2023 […] a 20-year high,Short original wording plus separately labeled compact source fact transcription jointly support the record. Numeric fact cells are not quoted prose.,"[""reached around 7% in 2023"", ""a 20-year high""]","[{""label"": ""US social-inflation index estimate"", ""source_value"": 7, ""unit_or_scope"": ""percent approximately; 2023""}, {""label"": ""Historical comparison"", ""source_value"": ""twenty-year high"", ""unit_or_scope"": ""Swiss Re estimate published September 7, 2024""}]",Curator transcription of source facts and numeric table cells; NOT a verbatim quotation; NOT analyst forecast assumptions.,"PDF page 2 Executive summary, social inflation index paragraph; publication date from Swiss Re September 7 launch page.",data/research/raw/TRV04.pdf,Official source downloaded; original file available for human verification.,Human-readable primary-source release inspected by research agent via web tool; values copied into labeled fact cells. Monetary billions converted to millions only where explicit in label/value. See source_locator and original file where available.,"{""published_observations"": ""Every element of factual_datapoint is represented in source_factual_extract."", ""short_quote"": ""source_excerpt and source_quote_fragments contain only verbatim fragments, separated by explicit omissions."", ""rationale"": ""Analyst causal interpretation, not an observed elasticity or a claim quoted from the source."", ""numerical_adjustment"": ""Explicitly illustrative analyst scenario sensitivity, not calibrated from the source.""}",admitted,False,SRC_TRV04,2,,,,
TRV05,TRV,catastrophe_uncertainty,2026-03-20,NOAA April–June 2026 seasonal outlook,https://www.noaa.gov/news-release/spring-outlook-drought-forecasted-to-expand-in-us-west-parts-of-plains,NOAA reported mid-March drought across 55% of continental US and forecast expansion in West/south-central Plains.,"Prospective hazard context does not establish insured loss, Travelers exposure, storm counts or coverage.",No calibrated central catastrophe adjustment; retain wide historical-seasonal range and stress +3–8 loss-ratio points. This range is illustrative analyst judgment.,High published outlook; low insured-loss mapping,Avoid converting drought to a numeric storm or wildfire-loss forecast. Do not use realized April–June loss totals.,agency_forecast,True,True,Only the cited historical observation or existence of guidance is binding; all target-quarter mappings are analyst judgment.,across 55% of the continental United States,Short original wording plus separately labeled compact source fact transcription jointly support the record. Numeric fact cells are not quoted prose.,"[""across 55% of the continental United States""]","[{""label"": ""Continental US drought coverage"", ""source_value"": 55, ""unit_or_scope"": ""percent; moderate-to-exceptional drought; mid-March 2026""}, {""label"": ""Seasonal outlook"", ""source_value"": ""drought worsening or developing in many areas of West and south-central Plains"", ""unit_or_scope"": ""Forecast for April–June 2026; not observed target-period weather""}]",Curator transcription of source facts and numeric table cells; NOT a verbatim quotation; NOT analyst forecast assumptions.,"Canonical NOAA page: March 20 date, line 35; April–June outlook line 39; mid-March 55% drought line 46.",,Official dated release inspected via web tool; direct archive download blocked by publisher. No full local capture claimed.,Human-readable primary-source release inspected by research agent via web tool; values copied into labeled fact cells. Monetary billions converted to millions only where explicit in label/value. See source_locator and original file where available.,"{""published_observations"": ""Every element of factual_datapoint is represented in source_factual_extract."", ""short_quote"": ""source_excerpt and source_quote_fragments contain only verbatim fragments, separated by explicit omissions."", ""rationale"": ""Analyst causal interpretation, not an observed elasticity or a claim quoted from the source."", ""numerical_adjustment"": ""Explicitly illustrative analyst scenario sensitivity, not calibrated from the source.""}",admitted,False,SRC_TRV05,2,,data/research/raw/noaa_retry_web_review.json,,
TRV06,TRV,insurance_market_competition,2026-02-11,Global commercial insurance 2025 Q4,https://www.marsh.com/ph/about/media/global-commercial-insurance-rates-fall-4-percent-in-q4-2025.html,"Marsh published global commercial insurance rate change of -4% for Q4 2025, sixth consecutive quarterly decline.",External softening challenges sustained rate increases; global broker mix differs from Travelers.,Written-premium growth adjustment -1 to 0 percentage points; earned effect smaller/slower.,"Medium: factual release downloaded; primary index dated February 11, 2026, but body date label incorrectly says February 12, 2025. Low company-specific transmission.",Not a US all-line index or Travelers renewal rate. Overlaps TRV01; do not net percentages mechanically.,reported_observation,True,True,Only the cited historical observation or existence of guidance is binding; all target-quarter mappings are analyst judgment.,"global commercial insurance rates fell, on average, by 4% […] sixth consecutive global quarterly decreases",Short original wording plus separately labeled compact source fact transcription jointly support the record. Numeric fact cells are not quoted prose.,"[""global commercial insurance rates fell, on average, by 4%"", ""sixth consecutive global quarterly decreases""]","[{""label"": ""Global commercial insurance rate change"", ""source_value"": -4, ""unit_or_scope"": ""percent; Q4 2025""}, {""label"": ""Consecutive quarters of global rate decreases"", ""source_value"": 6, ""unit_or_scope"": ""quarters through Q4 2025""}, {""label"": ""Primary media-index publication date"", ""source_value"": ""2026-02-11"", ""unit_or_scope"": ""Index date; release body date label is inconsistent""}]",Curator transcription of source facts and numeric table cells; NOT a verbatim quotation; NOT analyst forecast assumptions.,"Release opening paragraphs for global rate and sixth consecutive decrease; primary media index for February 11, 2026 date.",data/research/raw/TRV06.html,Official source downloaded; original file available for human verification.,Human-readable primary-source release inspected by research agent via web tool; values copied into labeled fact cells. Monetary billions converted to millions only where explicit in label/value. See source_locator and original file where available.,"{""published_observations"": ""Every element of factual_datapoint is represented in source_factual_extract."", ""short_quote"": ""source_excerpt and source_quote_fragments contain only verbatim fragments, separated by explicit omissions."", ""rationale"": ""Analyst causal interpretation, not an observed elasticity or a claim quoted from the source."", ""numerical_adjustment"": ""Explicitly illustrative analyst scenario sensitivity, not calibrated from the source.""}",excluded_pending_publication_date_resolution,True,SRC_TRV06,3,"[""https://www.marsh.com/ph/about/media/global-commercial-insurance-rates-fall-4-percent-in-q4-2025.html"", ""https://www.marsh.com/ph/about/media.html""]",,Publication eligibility uses primary media index https://www.marsh.com/ph/about/media.html (dated 11/02/2026). Body date inconsistent; do not silently correct or claim date independently resolved.,"Primary index and release-body publication dates conflict. Preserve as research audit material; exclude from all model packets, despite candidate published_at."
TRV07,TRV,updated_pricing_and_underwriting,2026-04-16,2026 Q1,https://investor.travelers.com/newsroom/press-releases/news-details/2026/Travelers-Reports-Excellent-First-Quarter-Results/default.aspx,"Business renewal premium change 5.8%, retention 86%; consolidated underlying combined ratio 85.3% versus 84.8% a year earlier; personal written premiums -5% excluding Canada sale.",Renewal deceleration and business mix temper growth despite strong retention.,"Versus refreshed control, earned-premium growth adjustment -1 to 0 points; underlying ratio +0–0.5 points.",High facts; medium projection,History-only refresh already incorporates Q1. Do not count Canadian disposal again or equate combined ratio with claims-only ratio.,reported_observation,False,True,Only the cited historical observation or existence of guidance is binding; all target-quarter mappings are analyst judgment.,Renewal premium change in Business Insurance was 5.8%,Short original wording plus separately labeled compact source fact transcription jointly support the record. Numeric fact cells are not quoted prose.,"[""Renewal premium change in Business Insurance was 5.8%""]","[{""label"": ""Business Insurance renewal premium change"", ""source_value"": 5.8, ""unit_or_scope"": ""percent; Q1 2026""}, {""label"": ""Business Insurance retention"", ""source_value"": 86, ""unit_or_scope"": ""percent; Q1 2026""}, {""label"": ""Underlying combined ratio"", ""source_value"": 85.3, ""unit_or_scope"": ""percent; Q1 2026""}, {""label"": ""Underlying combined ratio prior-year comparison"", ""source_value"": 84.8, ""unit_or_scope"": ""percent; Q1 2025""}, {""label"": ""Personal Insurance written-premium growth excluding Canadian disposal"", ""source_value"": -5, ""unit_or_scope"": ""percent YoY; Q1 2026""}]",Curator transcription of source facts and numeric table cells; NOT a verbatim quotation; NOT analyst forecast assumptions.,CEO marketplace paragraph; Consolidated Highlights underlying combined-ratio row; Personal Insurance final written-premium paragraph.,data/research/raw/TRV07.html,Official source downloaded; original file available for human verification.,Human-readable primary-source release inspected by research agent via web tool; values copied into labeled fact cells. Monetary billions converted to millions only where explicit in label/value. See source_locator and original file where available.,"{""published_observations"": ""Every element of factual_datapoint is represented in source_factual_extract."", ""short_quote"": ""source_excerpt and source_quote_fragments contain only verbatim fragments, separated by explicit omissions."", ""rationale"": ""Analyst causal interpretation, not an observed elasticity or a claim quoted from the source."", ""numerical_adjustment"": ""Explicitly illustrative analyst scenario sensitivity, not calibrated from the source.""}",admitted,False,SRC_TRV07,5,,,,
TRV08,TRV,workers_compensation_severity,2026-05-04,Claims received 2021–2025,https://investor.travelers.com/newsroom/press-releases/news-details/2026/Travelers-Injury-Impact-Report-Highlights-Longer-Recovery-Times-Amid-Declining-Injury-Rates/default.aspx,Travelers analysis covered over 1.2m workers compensation claims; injured workers missed 80 workdays on average despite declining injury rates.,"Frequency and severity move differently; evidence supports severity stress, not a certain total claims increase.","Net underlying-loss-ratio adjustment 0–0.3 points, or widen severity scenario only.",High report facts; low quarterly mapping,Multi-year sample overlaps historical losses; do not compound entire severity trend onto updated ratio.,reported_observation,False,True,Only the cited historical observation or existence of guidance is binding; all target-quarter mappings are analyst judgment.,missing an average of 80 workdays,Short original wording plus separately labeled compact source fact transcription jointly support the record. Numeric fact cells are not quoted prose.,"[""missing an average of 80 workdays""]","[{""label"": ""Workers compensation claims analyzed"", ""source_value"": ""more than 1.2 million"", ""unit_or_scope"": ""claims received 2021–2025""}, {""label"": ""Average workdays missed"", ""source_value"": 80, ""unit_or_scope"": ""workdays; injured workers in report""}, {""label"": ""Injury frequency direction"", ""source_value"": ""declining"", ""unit_or_scope"": ""Company report description; not a quantified forecast""}]",Curator transcription of source facts and numeric table cells; NOT a verbatim quotation; NOT analyst forecast assumptions.,"Release subtitle and first two body paragraphs, including quoted workdays statistic.",data/research/raw/TRV08.html,Official source downloaded; original file available for human verification.,Human-readable primary-source release inspected by research agent via web tool; values copied into labeled fact cells. Monetary billions converted to millions only where explicit in label/value. See source_locator and original file where available.,"{""published_observations"": ""Every element of factual_datapoint is represented in source_factual_extract."", ""short_quote"": ""source_excerpt and source_quote_fragments contain only verbatim fragments, separated by explicit omissions."", ""rationale"": ""Analyst causal interpretation, not an observed elasticity or a claim quoted from the source."", ""numerical_adjustment"": ""Explicitly illustrative analyst scenario sensitivity, not calibrated from the source.""}",admitted,False,SRC_TRV08,3,,,,
TRV09,TRV,replacement_and_legal_cost_pressure,2026-05-13,April 2026 initial PPI release,https://www.bls.gov/news.release/archives/ppi_05132026.htm,Final-demand goods prices +2.0% month-on-month; legal services prices also rose (release narrative).,"Repair/replacement and litigation expenses can increase, with heterogeneous coverage and settlement lags.","Underlying-loss-ratio downside +0–0.5 points; broad PPI is a weak proxy, not an actuarial severity estimate.",High broad price fact; low loss-cost mapping,Overlaps TRV04 social inflation and TRV08 severity; cap joint loss-ratio stress.,reported_observation,False,True,Only the cited historical observation or existence of guidance is binding; all target-quarter mappings are analyst judgment.,legal services also moved higher,Short original wording plus separately labeled compact source fact transcription jointly support the record. Numeric fact cells are not quoted prose.,"[""legal services also moved higher""]","[{""label"": ""Final-demand goods monthly change"", ""source_value"": 2.0, ""unit_or_scope"": ""percent; April 2026""}, {""label"": ""Legal-services price direction"", ""source_value"": ""increased"", ""unit_or_scope"": ""April 2026 release narrative""}]",Curator transcription of source facts and numeric table cells; NOT a verbatim quotation; NOT analyst forecast assumptions.,Final demand goods first paragraph; Final demand services Product detail paragraph mentioning legal services.,,Official dated release inspected via web tool; direct archive download blocked by publisher. No full local capture claimed.,Human-readable primary-source release inspected by research agent via web tool; values copied into labeled fact cells. Monetary billions converted to millions only where explicit in label/value. See source_locator and original file where available.,"{""published_observations"": ""Every element of factual_datapoint is represented in source_factual_extract."", ""short_quote"": ""source_excerpt and source_quote_fragments contain only verbatim fragments, separated by explicit omissions."", ""rationale"": ""Analyst causal interpretation, not an observed elasticity or a claim quoted from the source."", ""numerical_adjustment"": ""Explicitly illustrative analyst scenario sensitivity, not calibrated from the source.""}",admitted,False,SRC_TRV09,2,,data/research/raw/bls_detail_web_review.json,,
TRV10,TRV,updated_rate_policy,2026-04-29,April 2026 policy decision,https://www.federalreserve.gov/newsevents/pressreleases/monetary20260429a.htm,Federal funds range again maintained at 3.50–3.75%; Fed described inflation as elevated partly due to global energy prices.,No policy-rate change supports avoiding an invented immediate investment yield shock.,Incremental base yield adjustment zero versus March; preserve +/-25bp reinvestment sensitivity.,High facts; medium mapping,Supersedes TRV03 policy state rather than adding another income boost.,reported_observation,False,True,Only the cited historical observation or existence of guidance is binding; all target-quarter mappings are analyst judgment.,maintain the target range for the federal funds rate […] Inflation is elevated,Short original wording plus separately labeled compact source fact transcription jointly support the record. Numeric fact cells are not quoted prose.,"[""maintain the target range for the federal funds rate"", ""Inflation is elevated""]","[{""label"": ""Federal funds target lower bound"", ""source_value"": 3.5, ""unit_or_scope"": ""percent""}, {""label"": ""Federal funds target upper bound"", ""source_value"": 3.75, ""unit_or_scope"": ""percent""}, {""label"": ""Decision"", ""source_value"": ""maintained"", ""unit_or_scope"": ""April 29, 2026""}, {""label"": ""Fed inflation assessment"", ""source_value"": ""elevated, partly reflecting recent increase in global energy prices"", ""unit_or_scope"": ""April 29 statement""}]",Curator transcription of source facts and numeric table cells; NOT a verbatim quotation; NOT analyst forecast assumptions.,FOMC statement first paragraph for inflation; policy decision paragraph for maintained range.,data/research/raw/TRV10.html,Official source downloaded; original file available for human verification.,Human-readable primary-source release inspected by research agent via web tool; values copied into labeled fact cells. Monetary billions converted to millions only where explicit in label/value. See source_locator and original file where available.,"{""published_observations"": ""Every element of factual_datapoint is represented in source_factual_extract."", ""short_quote"": ""source_excerpt and source_quote_fragments contain only verbatim fragments, separated by explicit omissions."", ""rationale"": ""Analyst causal interpretation, not an observed elasticity or a claim quoted from the source."", ""numerical_adjustment"": ""Explicitly illustrative analyst scenario sensitivity, not calibrated from the source.""}",admitted,False,SRC_TRV10,4,,,,
