Month,Year,MonthNo,Channel,Revenue,Cost,GP,Units,Orders,Customers,Margin,AOV,Units per order
2016-01,2016,1,Online,68194.13000000,26890.69000000,41303.44000000,299,43,42,0.60567442,1585.91000000,6.95348837
2016-01,2016,1,Store,581724.65000000,234759.13000000,346965.52000000,1817,249,247,0.59644287,2336.24357430,7.29718876
2016-02,2016,2,Online,97945.22000000,41850.74000000,56094.48000000,330,50,50,0.57271279,1958.90440000,6.60000000
2016-02,2016,2,Store,793153.08000000,317524.81000000,475628.27000000,2346,284,278,0.59966768,2792.79253521,8.26056338
2016-03,2016,3,Online,22409.49000000,8612.03000000,13797.46000000,70,15,15,0.61569719,1493.96600000,4.66666667
2016-03,2016,3,Store,315997.87000000,126288.34000000,189709.53000000,825,94,94,0.60035066,3361.67946809,8.77659574
2016-04,2016,4,Online,15898.22000000,6437.81000000,9460.41000000,44,5,5,0.59506096,3179.64400000,8.80000000
2016-04,2016,4,Store,94693.41000000,37922.63000000,56770.78000000,282,36,36,0.59952197,2630.37250000,7.83333333
2016-05,2016,5,Online,52770.82000000,22591.48000000,30179.34000000,218,26,26,0.57189447,2029.64692308,8.38461538
2016-05,2016,5,Store,543215.36000000,217345.38000000,325869.98000000,1428,194,193,0.59989095,2800.07917526,7.36082474
2016-06,2016,6,Online,89869.50000000,38417.96000000,51451.54000000,335,39,39,0.57251392,2304.34615385,8.58974359
2016-06,2016,6,Store,428715.78000000,185896.83000000,242818.95000000,1529,204,201,0.56638678,2101.54794118,7.49509804
2016-07,2016,7,Online,132598.46000000,53811.46000000,78787.00000000,370,40,40,0.59417734,3314.96150000,9.25000000
2016-07,2016,7,Store,322361.37000000,131778.94000000,190582.43000000,1202,161,160,0.59120741,2002.24453416,7.46583851
2016-08,2016,8,Online,83904.71000000,35799.10000000,48105.61000000,276,40,40,0.57333623,2097.61775000,6.90000000
2016-08,2016,8,Store,463607.98000000,185803.68000000,277804.30000000,1335,189,187,0.59922243,2452.95227513,7.06349206
2016-09,2016,9,Online,75340.06000000,30897.81000000,44442.25000000,280,43,43,0.58988870,1752.09441860,6.51162791
2016-09,2016,9,Store,492081.06000000,204663.76000000,287417.30000000,1605,219,219,0.58408527,2246.94547945,7.32876712
2016-10,2016,10,Online,146573.31000000,59203.55000000,87369.76000000,360,42,42,0.59608233,3489.84071429,8.57142857
2016-10,2016,10,Store,477386.26000000,199158.04000000,278228.22000000,1682,216,216,0.58281573,2210.12157407,7.78703704
2016-11,2016,11,Online,140160.98000000,54201.87000000,85959.11000000,349,46,46,0.61328845,3046.97782609,7.58695652
2016-11,2016,11,Store,509788.38000000,206079.73000000,303708.65000000,1570,201,201,0.59575436,2536.26059701,7.81094527
2016-12,2016,12,Online,243650.96000000,99362.64000000,144288.32000000,682,87,85,0.59219270,2800.58574713,7.83908046
2016-12,2016,12,Store,754752.50000000,314494.68000000,440257.82000000,2527,342,337,0.58331416,2206.87865497,7.38888889
2017-01,2017,1,Online,106500.75000000,41964.80000000,64535.95000000,322,50,50,0.60596709,2130.01500000,6.44000000
2017-01,2017,1,Store,563614.05000000,236443.75000000,327170.30000000,1960,242,239,0.58048642,2328.98367769,8.09917355
2017-02,2017,2,Online,134971.63000000,56907.80000000,78063.83000000,449,68,67,0.57837214,1984.87691176,6.60294118
2017-02,2017,2,Store,615554.56000000,257874.43000000,357680.13000000,2029,288,284,0.58106974,2137.34222222,7.04513889
2017-03,2017,3,Online,47574.12000000,21689.24000000,25884.88000000,204,19,19,0.54409582,2503.90105263,10.73684211
2017-03,2017,3,Store,283674.47000000,114797.36000000,168877.11000000,841,111,111,0.59532009,2555.62585586,7.57657658
2017-04,2017,4,Online,2550.89000000,968.25000000,1582.64000000,18,3,3,0.62042660,850.29666667,6.00000000
2017-04,2017,4,Store,56029.18000000,22547.10000000,33482.08000000,143,23,23,0.59758290,2436.05130435,6.21739130
2017-05,2017,5,Online,115590.64000000,46809.30000000,68781.34000000,421,56,56,0.59504247,2064.11857143,7.51785714
2017-05,2017,5,Store,500668.32000000,203205.16000000,297463.16000000,1538,200,196,0.59413218,2503.34160000,7.69000000
2017-06,2017,6,Online,93387.70000000,37734.19000000,55653.51000000,326,45,45,0.59594047,2075.28222222,7.24444444
2017-06,2017,6,Store,538343.60000000,227671.81000000,310671.79000000,1619,226,222,0.57708829,2382.05132743,7.16371681
2017-07,2017,7,Online,83710.71000000,35857.70000000,47853.01000000,393,53,53,0.57164740,1579.44735849,7.41509434
2017-07,2017,7,Store,428076.01000000,176388.06000000,251687.95000000,1312,187,186,0.58795154,2289.17652406,7.01604278
2017-08,2017,8,Online,100581.03000000,43280.80000000,57300.23000000,412,53,53,0.56969222,1897.75528302,7.77358491
2017-08,2017,8,Store,492798.02000000,200462.22000000,292335.80000000,1596,210,209,0.59321626,2346.65723810,7.60000000
2017-09,2017,9,Online,102301.87000000,43131.28000000,59170.59000000,454,61,61,0.57839207,1677.07983607,7.44262295
2017-09,2017,9,Store,584073.23000000,243238.24000000,340834.99000000,1730,225,222,0.58354838,2595.88102222,7.68888889
2017-10,2017,10,Online,161101.65000000,68331.55000000,92770.10000000,534,67,67,0.57584823,2404.50223881,7.97014925
2017-10,2017,10,Store,467419.78000000,196749.18000000,270670.60000000,1752,221,219,0.57907391,2115.02162896,7.92760181
2017-11,2017,11,Online,126864.69000000,53136.97000000,73727.72000000,448,53,53,0.58115241,2393.67339623,8.45283019
2017-11,2017,11,Store,528858.30000000,223659.34000000,305198.96000000,1983,270,265,0.57709023,1958.73444444,7.34444444
2017-12,2017,12,Online,313361.76000000,127102.10000000,186259.66000000,915,116,116,0.59439180,2701.39448276,7.88793103
2017-12,2017,12,Store,973815.31000000,404407.58000000,569407.73000000,3399,433,423,0.58471840,2248.99609700,7.84988453
2018-01,2018,1,Online,149464.05000000,64633.51000000,84830.54000000,654,100,100,0.56756484,1494.64050000,6.54000000
2018-01,2018,1,Store,767611.30000000,322258.13000000,445353.17000000,2562,339,335,0.58018058,2264.34011799,7.55752212
2018-02,2018,2,Online,279483.38000000,112859.04000000,166624.34000000,812,94,94,0.59618694,2973.22744681,8.63829787
2018-02,2018,2,Store,1064859.32000000,439142.48000000,625716.84000000,3228,419,409,0.58760517,2541.43035800,7.70405728
2018-03,2018,3,Online,98004.90000000,40326.47000000,57678.43000000,287,36,36,0.58852598,2722.35833333,7.97222222
2018-03,2018,3,Store,336946.25000000,136743.02000000,200203.23000000,1162,157,157,0.59416963,2146.15445860,7.40127389
2018-04,2018,4,Online,8853.62000000,3851.61000000,5002.01000000,43,10,10,0.56496778,885.36200000,4.30000000
2018-04,2018,4,Store,61773.92000000,25944.53000000,35829.39000000,215,33,33,0.58000836,1871.93696970,6.51515152
2018-05,2018,5,Online,181752.08000000,75822.15000000,105929.93000000,617,91,91,0.58282651,1997.27560440,6.78021978
2018-05,2018,5,Store,891513.48000000,371338.36000000,520175.12000000,3081,373,370,0.58347421,2390.11656836,8.26005362
2018-06,2018,6,Online,185671.66000000,77803.48000000,107868.18000000,768,95,94,0.58096201,1954.43852632,8.08421053
2018-06,2018,6,Store,788303.67000000,328579.80000000,459723.87000000,2726,379,372,0.58318119,2079.95691293,7.19261214
2018-07,2018,7,Online,164605.87000000,71061.02000000,93544.85000000,736,94,94,0.56829595,1751.12627660,7.82978723
2018-07,2018,7,Store,799543.59000000,333587.92000000,465955.67000000,2643,352,347,0.58277707,2271.43065341,7.50852273
2018-08,2018,8,Online,205541.75000000,85370.95000000,120170.80000000,724,110,109,0.58465397,1868.56136364,6.58181818
2018-08,2018,8,Store,821303.98000000,342819.86000000,478484.12000000,2960,398,392,0.58259077,2063.57783920,7.43718593
2018-09,2018,9,Online,291483.08000000,121222.45000000,170260.63000000,1043,130,130,0.58411840,2242.17753846,8.02307692
2018-09,2018,9,Store,890282.06000000,374212.55000000,516069.51000000,3211,431,422,0.57966967,2065.61962877,7.45011601
2018-10,2018,10,Online,259154.31000000,110375.01000000,148779.30000000,933,132,132,0.57409541,1963.29022727,7.06818182
2018-10,2018,10,Store,982575.72000000,404416.01000000,578159.71000000,3543,474,467,0.58841237,2072.94455696,7.47468354
2018-11,2018,11,Online,272774.39000000,114187.89000000,158586.50000000,964,127,127,0.58138339,2147.82984252,7.59055118
2018-11,2018,11,Store,1205252.24000000,488797.49000000,716454.75000000,3749,502,486,0.59444382,2400.90087649,7.46812749
2018-12,2018,12,Online,485498.04000000,208590.89000000,276907.15000000,1661,226,224,0.57035689,2148.22141593,7.34955752
2018-12,2018,12,Store,1596708.00000000,670054.93000000,926653.07000000,6176,863,834,0.58035224,1850.18308227,7.15643105
2019-01,2019,1,Online,358602.34000000,148295.65000000,210306.69000000,1301,185,184,0.58646212,1938.39102703,7.03243243
2019-01,2019,1,Store,1582297.23000000,655744.75000000,926552.48000000,5549,707,685,0.58557423,2238.04417256,7.84865629
2019-02,2019,2,Online,489684.39000000,199433.51000000,290250.88000000,1585,211,208,0.59273051,2320.77909953,7.51184834
2019-02,2019,2,Store,1613178.18000000,665535.80000000,947642.38000000,5798,756,733,0.58743813,2133.83357143,7.66931217
2019-03,2019,3,Online,181170.05000000,72538.30000000,108631.75000000,624,75,75,0.59961208,2415.60066667,8.32000000
2019-03,2019,3,Store,664755.04000000,277289.84000000,387465.20000000,2471,311,308,0.58286914,2137.47601286,7.94533762
2019-04,2019,4,Online,29838.37000000,12970.16000000,16868.21000000,121,17,17,0.56531942,1755.19823529,7.11764706
2019-04,2019,4,Store,120054.34000000,48450.10000000,71604.24000000,441,58,58,0.59643192,2069.90241379,7.60344828
2019-05,2019,5,Online,339909.87000000,141967.35000000,197942.52000000,1333,187,186,0.58233825,1817.69983957,7.12834225
2019-05,2019,5,Store,1254536.60000000,518980.68000000,735555.92000000,4633,621,608,0.58631683,2020.18776167,7.46054750
2019-06,2019,6,Online,316685.18000000,130448.43000000,186236.75000000,1357,194,192,0.58808167,1632.39783505,6.99484536
2019-06,2019,6,Store,1088176.22000000,441304.86000000,646871.36000000,4140,578,566,0.59445460,1882.65782007,7.16262976
2019-07,2019,7,Online,272312.47000000,114922.42000000,157390.05000000,1075,156,155,0.57797592,1745.59275641,6.89102564
2019-07,2019,7,Store,1136402.15000000,471897.91000000,664504.24000000,4253,560,552,0.58474391,2029.28955357,7.59464286
2019-08,2019,8,Online,356152.91000000,145312.00000000,210840.91000000,1296,180,178,0.59199547,1978.62727778,7.20000000
2019-08,2019,8,Store,1144631.86000000,478313.81000000,666318.05000000,4626,613,589,0.58212433,1867.26241436,7.54649266
2019-09,2019,9,Online,314998.41000000,131322.99000000,183675.42000000,1288,168,166,0.58309951,1874.99053571,7.66666667
2019-09,2019,9,Store,1232872.32000000,509996.60000000,722875.72000000,4749,613,597,0.58633462,2011.21096248,7.74714519
2019-10,2019,10,Online,317536.54000000,132768.19000000,184768.35000000,1292,177,175,0.58188059,1793.99175141,7.29943503
2019-10,2019,10,Store,1257632.28000000,526647.10000000,730985.18000000,5120,665,644,0.58123920,1891.17636090,7.69924812
2019-11,2019,11,Online,440006.30000000,178105.42000000,261900.88000000,1450,186,182,0.59522075,2365.62526882,7.79569892
2019-11,2019,11,Store,1275653.58000000,522650.10000000,753003.48000000,4595,615,599,0.59028838,2074.23346341,7.47154472
2019-12,2019,12,Online,491598.87000000,208608.84000000,282990.03000000,2083,270,269,0.57565232,1820.73655556,7.71481481
2019-12,2019,12,Store,1985696.98000000,833138.77000000,1152558.21000000,7260,980,939,0.58043006,2026.22140816,7.40816327
2020-01,2020,1,Online,427595.78000000,175036.89000000,252558.89000000,1579,230,227,0.59064870,1859.11208696,6.86521739
2020-01,2020,1,Store,1641355.34000000,684794.84000000,956560.50000000,6127,797,774,0.58278697,2059.41698871,7.68757842
2020-02,2020,2,Online,434417.88000000,181054.13000000,253363.75000000,1698,245,242,0.58322588,1773.13420408,6.93061224
2020-02,2020,2,Store,1792961.69000000,734876.21000000,1058085.48000000,6687,879,846,0.59013279,2039.77439135,7.60750853
2020-03,2020,3,Online,181951.00000000,76874.65000000,105076.35000000,704,85,85,0.57749806,2140.60000000,8.28235294
2020-03,2020,3,Store,493039.66000000,201911.25000000,291128.41000000,1688,247,245,0.59047666,1996.11198381,6.83400810
2020-04,2020,4,Online,70378.27000000,27333.72000000,43044.55000000,201,23,23,0.61161705,3059.92478261,8.73913043
2020-04,2020,4,Store,147263.83000000,62278.84000000,84984.99000000,493,57,57,0.57709344,2583.57596491,8.64912281
2020-05,2020,5,Online,211634.96000000,88859.30000000,122775.66000000,755,100,99,0.58012939,2116.34960000,7.55000000
2020-05,2020,5,Store,666391.67000000,275119.38000000,391272.29000000,2501,355,353,0.58715063,1877.15963380,7.04507042
2020-06,2020,6,Online,188883.20000000,77857.88000000,111025.32000000,603,73,73,0.58779881,2587.44109589,8.26027397
2020-06,2020,6,Store,575000.03000000,242619.39000000,332380.64000000,2135,284,282,0.57805326,2024.64799296,7.51760563
2020-07,2020,7,Online,125205.87000000,48726.62000000,76479.25000000,472,69,69,0.61082799,1814.57782609,6.84057971
2020-07,2020,7,Store,387599.31000000,161756.19000000,225843.12000000,1469,184,183,0.58267163,2106.51798913,7.98369565
2020-08,2020,8,Online,64352.23000000,27314.36000000,37037.87000000,247,35,35,0.57554913,1838.63514286,7.05714286
2020-08,2020,8,Store,352294.85000000,144171.57000000,208123.28000000,1279,166,165,0.59076447,2122.25813253,7.70481928
2020-09,2020,9,Online,95574.59000000,40982.45000000,54592.14000000,364,53,53,0.57119931,1803.29415094,6.86792453
2020-09,2020,9,Store,284856.93000000,117164.69000000,167692.24000000,964,127,127,0.58868935,2242.96795276,7.59055118
2020-10,2020,10,Online,62049.86000000,27008.11000000,35041.75000000,235,37,37,0.56473536,1677.02324324,6.35135135
2020-10,2020,10,Store,183597.73000000,77540.97000000,106056.76000000,807,122,122,0.57765834,1504.89942623,6.61475410
2020-11,2020,11,Online,45275.51000000,18979.55000000,26295.96000000,231,35,35,0.58079876,1293.58600000,6.60000000
2020-11,2020,11,Store,211425.51000000,88042.22000000,123383.29000000,813,114,114,0.58357806,1854.60973684,7.13157895
2020-12,2020,12,Online,162631.75000000,65457.92000000,97173.83000000,629,86,86,0.59750836,1891.06686047,7.31395349
2020-12,2020,12,Store,488894.69000000,201410.86000000,287483.83000000,1782,232,229,0.58802813,2107.30469828,7.68103448
2021-01,2021,1,Online,151507.32000000,62581.86000000,88925.46000000,485,68,68,0.58693837,2228.04882353,7.13235294
2021-01,2021,1,Store,361514.26000000,149960.01000000,211554.25000000,1363,188,184,0.58518923,1922.94819149,7.25000000
2021-02,2021,2,Online,134270.28000000,55775.70000000,78494.58000000,552,70,70,0.58460130,1918.14685714,7.88571429
2021-02,2021,2,Store,391996.62000000,162507.22000000,229489.40000000,1397,172,168,0.58543719,2279.05011628,8.12209302
