Year,Customer Country,Revenue,Cost,GP,Units,Orders,Customers,Margin,AOV,Units per order
2016,Australia,316425.60000000,127295.27000000,189130.33000000,909,121,117,0.59770869,2615.08760331,7.51239669
2016,Canada,608348.62000000,252668.37000000,355680.25000000,1930,266,245,0.58466517,2287.02488722,7.25563910
2016,France,188645.05000000,77692.74000000,110952.31000000,667,79,75,0.58815384,2387.91202532,8.44303797
2016,Germany,691106.47000000,277747.74000000,413358.73000000,2003,227,206,0.59811150,3044.52189427,8.82378855
2016,Italy,441673.51000000,179288.00000000,262385.51000000,1351,167,142,0.59407120,2644.75155689,8.08982036
2016,Netherlands,250355.53000000,99414.11000000,150941.42000000,731,95,87,0.60290827,2635.32136842,7.69473684
2016,United Kingdom,1099291.68000000,451216.52000000,648075.16000000,3583,482,422,0.58953886,2280.68813278,7.43360996
2016,United States,3350947.10000000,1374470.34000000,1976476.76000000,10587,1428,1267,0.58982631,2346.60161064,7.41386555
2017,Australia,374790.53000000,152585.60000000,222204.93000000,1212,148,139,0.59287765,2532.36844595,8.18918919
2017,Canada,669610.65000000,274196.39000000,395414.26000000,2248,304,273,0.59051370,2202.66661184,7.39473684
2017,France,184863.72000000,79472.89000000,105390.83000000,686,85,76,0.57010013,2174.86729412,8.07058824
2017,Germany,584342.17000000,245536.69000000,338805.48000000,2034,281,258,0.57980666,2079.50950178,7.23843416
2017,Italy,394395.31000000,166796.32000000,227598.99000000,1372,169,145,0.57708341,2333.70005917,8.11834320
2017,Netherlands,217583.41000000,92621.48000000,124961.93000000,799,112,101,0.57431736,1942.70901786,7.13392857
2017,United Kingdom,1138510.39000000,477050.99000000,661459.40000000,3888,495,431,0.58098670,2300.02098990,7.85454545
2017,United States,3857326.09000000,1596097.85000000,2261228.24000000,12559,1686,1484,0.58621651,2287.85651839,7.44899170
2018,Australia,643897.73000000,267545.08000000,376352.65000000,2276,274,243,0.58449134,2349.99171533,8.30656934
2018,Canada,1100914.05000000,456728.82000000,644185.23000000,3666,512,442,0.58513671,2150.22275391,7.16015625
2018,France,312786.49000000,127343.14000000,185443.35000000,1061,137,126,0.59287519,2283.11306569,7.74452555
2018,Germany,1336981.32000000,550657.28000000,786324.04000000,4558,596,468,0.58813390,2243.25724832,7.64765101
2018,Italy,607591.26000000,248639.18000000,358952.08000000,1840,250,205,0.59077887,2430.36504000,7.36000000
2018,Netherlands,475417.45000000,200632.67000000,274784.78000000,1786,230,195,0.57798631,2067.03239130,7.76521739
2018,United Kingdom,1697046.79000000,714856.49000000,982190.30000000,6018,821,668,0.57876442,2067.04846529,7.33008526
2018,United States,6614325.57000000,2757596.89000000,3856728.68000000,23293,3145,2418,0.58308722,2103.12418760,7.40635930
2019,Australia,890276.61000000,365217.52000000,525059.09000000,3155,420,357,0.58977073,2119.70621429,7.51190476
2019,Canada,1502227.97000000,631524.19000000,870703.78000000,5718,769,581,0.57960829,1953.48240572,7.43563069
2019,France,474990.53000000,195688.78000000,279301.75000000,1812,234,195,0.58801541,2029.87405983,7.74358974
2019,Germany,1874921.45000000,774299.69000000,1100621.76000000,6928,892,657,0.58702286,2101.92987668,7.76681614
2019,Italy,707836.08000000,292773.53000000,415062.55000000,2681,366,255,0.58638230,1933.97836066,7.32513661
2019,Netherlands,639132.95000000,258064.60000000,381068.35000000,2484,335,260,0.59622704,1907.85955224,7.41492537
2019,United Kingdom,2041930.51000000,848092.31000000,1193838.20000000,7655,1051,766,0.58466152,1942.84539486,7.28353949
2019,United States,10133066.38000000,4200982.96000000,5932083.42000000,38007,5016,3426,0.58541839,2020.14879984,7.57715311
2020,Australia,440656.55000000,180050.23000000,260606.32000000,1465,193,178,0.59140462,2283.19455959,7.59067358
2020,Canada,749325.88000000,312957.95000000,436367.93000000,2860,380,339,0.58234734,1971.91021053,7.52631579
2020,France,325201.98000000,129110.34000000,196091.64000000,1032,152,138,0.60298415,2139.48671053,6.78947368
2020,Germany,853010.75000000,349956.08000000,503054.67000000,3199,412,346,0.58974013,2070.41444175,7.76456311
2020,Italy,307214.49000000,129745.95000000,177468.54000000,1139,141,119,0.57766982,2178.82617021,8.07801418
2020,Netherlands,344526.67000000,140651.40000000,203875.27000000,1284,183,161,0.59175468,1882.65939891,7.01639344
2020,United Kingdom,1005734.79000000,418709.89000000,587024.90000000,3775,522,451,0.58367763,1926.69500000,7.23180077
2020,United States,5268961.03000000,2185990.15000000,3082970.88000000,19709,2652,2136,0.58511932,1986.78771870,7.43174962
2021,Australia,42090.59000000,18143.73000000,23946.86000000,192,26,26,0.56893619,1618.86884615,7.38461538
2021,Canada,93907.46000000,40520.69000000,53386.77000000,371,50,49,0.56850404,1878.14920000,7.42000000
2021,France,28850.45000000,12516.84000000,16333.61000000,127,17,17,0.56614750,1697.08529412,7.47058824
2021,Germany,73787.64000000,30035.86000000,43751.78000000,221,32,32,0.59294185,2305.86375000,6.90625000
2021,Italy,16935.12000000,7551.70000000,9383.42000000,87,8,8,0.55408051,2116.89000000,10.87500000
2021,Netherlands,35138.26000000,16125.93000000,19012.33000000,168,21,21,0.54107204,1673.25047619,8.00000000
2021,United Kingdom,101573.96000000,40361.11000000,61212.85000000,379,50,49,0.60264314,2031.47920000,7.58000000
2021,United States,647005.00000000,265568.93000000,381436.07000000,2252,294,287,0.58954115,2200.69727891,7.65986395
