Year,Category,Revenue,Cost,GP,Units,Orders,Customers,Margin,AOV,Units per order
2016,Audio,339347.76000000,144487.30000000,194860.46000000,2492,695,674,0.57422056,488.27015827,3.58561151
2016,Cameras and camcorders,946180.01000000,379509.12000000,566670.89000000,2565,680,662,0.59890389,1391.44119118,3.77205882
2016,Cell phones,429497.27000000,187103.76000000,242393.51000000,2277,643,625,0.56436566,667.95842924,3.54121306
2016,Computers,1496820.33000000,620728.29000000,876092.04000000,3435,890,858,0.58530207,1681.82059551,3.85955056
2016,Games and Toys,52529.59000000,24271.23000000,28258.36000000,1710,500,488,0.53795128,105.05918000,3.42000000
2016,Home Appliances,2010476.12000000,817178.65000000,1193297.47000000,3363,910,880,0.59353974,2209.31441758,3.69560440
2016,"Music, Movies and Audio Books",405566.38000000,158651.22000000,246915.16000000,3607,1001,957,0.60881565,405.16121878,3.60339660
2016,TV and Video,1266376.10000000,507863.52000000,758512.58000000,2312,652,635,0.59896312,1942.29463190,3.54601227
2017,Audio,472047.95000000,200150.87000000,271897.08000000,3488,970,933,0.57599462,486.64737113,3.59587629
2017,Cameras and camcorders,721318.38000000,283340.46000000,437977.92000000,1870,545,539,0.60719085,1323.51996330,3.43119266
2017,Cell phones,653410.88000000,281983.28000000,371427.60000000,3299,939,907,0.56844416,695.85823216,3.51331203
2017,Computers,2228431.91000000,932181.45000000,1296250.46000000,5269,1338,1283,0.58168726,1665.49470105,3.93796712
2017,Games and Toys,63581.86000000,28751.26000000,34830.60000000,1766,511,502,0.54780719,124.42634051,3.45596869
2017,Home Appliances,2065843.64000000,870343.92000000,1195499.72000000,3712,984,942,0.57869807,2099.43459350,3.77235772
2017,"Music, Movies and Audio Books",397432.57000000,155088.01000000,242344.56000000,3722,953,918,0.60977529,417.03312697,3.90556139
2017,TV and Video,819355.08000000,332518.96000000,486836.12000000,1672,520,507,0.59416989,1575.68284615,3.21538462
2018,Audio,798011.81000000,336429.08000000,461582.73000000,5872,1643,1557,0.57841591,485.70408399,3.57395009
2018,Cameras and camcorders,1254125.63000000,498837.94000000,755287.69000000,3374,974,939,0.60224245,1287.60331622,3.46406571
2018,Cell phones,1372745.57000000,598300.76000000,774444.81000000,7026,1880,1748,0.56415757,730.18381383,3.73723404
2018,Computers,4507043.96000000,1880642.31000000,2626401.65000000,10321,2557,2311,0.58273265,1762.62962847,4.03637075
2018,Games and Toys,143730.36000000,65259.35000000,78471.01000000,4426,1249,1190,0.54595988,115.07634908,3.54363491
2018,Home Appliances,2834487.33000000,1189856.20000000,1644631.13000000,4759,1354,1287,0.58022173,2093.41752585,3.51477105
2018,"Music, Movies and Audio Books",685150.86000000,266555.89000000,418594.97000000,6373,1749,1630,0.61095300,391.73862779,3.64379646
2018,TV and Video,1193665.14000000,488118.02000000,705547.12000000,2347,694,676,0.59107625,1719.97858790,3.38184438
2019,Audio,1064197.77000000,450903.43000000,613294.34000000,7959,2257,2057,0.57629734,471.50986708,3.52636243
2019,Cameras and camcorders,2260124.97000000,906542.64000000,1353582.33000000,6207,1776,1662,0.59889712,1272.59288851,3.49493243
2019,Cell phones,2311957.73000000,1002810.28000000,1309147.45000000,11728,3101,2738,0.56625060,745.55231538,3.78200580
2019,Computers,6958430.89000000,2893509.34000000,4064921.55000000,16203,3962,3387,0.58417215,1756.29250126,4.08960121
2019,Games and Toys,295643.31000000,133364.93000000,162278.38000000,9278,2451,2232,0.54889921,120.62150551,3.78539372
2019,Home Appliances,2700287.88000000,1124719.14000000,1575568.74000000,4631,1361,1298,0.58348177,1984.04693608,3.40264511
2019,"Music, Movies and Audio Books",1008971.45000000,394225.54000000,614745.91000000,9494,2559,2314,0.60927979,394.28348964,3.71004299
2019,TV and Video,1664768.48000000,660568.28000000,1004200.20000000,2940,883,856,0.60320712,1885.35501699,3.32955832
2020,Audio,452725.55000000,191322.88000000,261402.67000000,3356,968,928,0.57739765,467.69168388,3.46694215
2020,Cameras and camcorders,1209222.04000000,480498.06000000,728723.98000000,3283,918,890,0.60263868,1317.23533769,3.57625272
2020,Cell phones,1256725.73000000,547625.95000000,709099.78000000,6409,1697,1589,0.56424386,740.55729523,3.77666470
2020,Computers,3665122.72000000,1512833.33000000,2152289.39000000,7941,2010,1841,0.58723529,1823.44413930,3.95074627
2020,Games and Toys,154189.13000000,69694.32000000,84494.81000000,4956,1279,1212,0.54799460,120.55444097,3.87490227
2020,Home Appliances,1107301.56000000,465043.70000000,642257.86000000,1780,532,526,0.58002073,2081.39390977,3.34586466
2020,"Music, Movies and Audio Books",566479.40000000,220301.62000000,346177.78000000,5019,1370,1306,0.61110392,413.48861314,3.66350365
2020,TV and Video,882866.01000000,359852.13000000,523013.88000000,1719,510,496,0.59240459,1731.10982353,3.37058824
2021,Audio,43296.90000000,18482.41000000,24814.49000000,323,92,91,0.57312394,470.61847826,3.51086957
2021,Cameras and camcorders,129196.99000000,51638.81000000,77558.18000000,310,102,102,0.60030950,1266.63715686,3.03921569
2021,Cell phones,159454.04000000,67340.65000000,92113.39000000,738,182,181,0.57767988,876.12109890,4.05494505
2021,Computers,445745.65000000,184252.84000000,261492.81000000,982,233,230,0.58664131,1913.07145923,4.21459227
2021,Games and Toys,15155.18000000,6819.57000000,8335.61000000,455,138,136,0.55001722,109.82014493,3.29710145
2021,Home Appliances,77082.06000000,31998.13000000,45083.93000000,156,54,54,0.58488227,1427.44555556,2.88888889
2021,"Music, Movies and Audio Books",67405.78000000,26924.99000000,40480.79000000,587,152,152,0.60055369,443.45907895,3.86184211
2021,TV and Video,101951.88000000,43367.39000000,58584.49000000,246,66,66,0.57462883,1544.72545455,3.72727273
