Period,Units Sold,Gross Sales,Discounts,Sales,COGS,Profit,Margin,Discount rate,Net price
2013-09,50601.0,4729736.0,245735.97,4484000.03,3720397.0,763603.03,0.17029505461443986,0.051955536207517715,88.61485010177665
2013-10,95622.0,9828688.0,533076.9,9295611.1,7637816.0,1657795.1,0.17834170149394482,0.054236832016643526,97.21205475727342
2013-11,65481.0,8167338.0,900134.7,7267203.3,6501701.0,765502.3,0.10533657424995942,0.11021151567377277,110.98186191414302
2013-12,52970.0,5835025.0,466583.92,5368441.08,4676877.0,691564.08,0.1288202794245811,0.0799626256956911,101.34870832546724
2014-01,67835.5,7307403.5,699641.82,6607761.68,5793733.0,814028.68,0.12319280255882353,0.0957442434922336,97.40860876679614
2014-02,55115.0,7699201.0,401669.61,7297531.39,6148984.0,1148547.3900000001,0.15738848229880656,0.05217029793091517,132.4055409598113
2014-03,53420.0,6124026.0,537166.13,5586859.87,4916993.0,669866.87,0.11990042449373264,0.08771454105518167,104.58367409210034
2014-04,78886.5,7429392.5,464617.43,6964775.07,6034790.5,929984.5700000001,0.1335268634885003,0.06253774181401776,88.28855469567037
2014-05,51771.0,6767911.0,557699.9400000001,6210211.06,5381571.0,828640.0599999999,0.13343186761191977,0.08240355702077053,119.95540090011782
2014-06,103302.0,10268972.0,750078.18,9518893.82,8045140.0,1473753.82,0.15482406337000196,0.07304316147711767,92.1462684168748
2014-07,69349.0,8833027.5,730107.32,8102920.18,7179054.5,923865.6799999999,0.11401638662075528,0.08265652065500757,116.84263911519993
2014-08,60705.0,6325959.0,461336.58,5864622.42,5073556.0,791066.4199999999,0.13488786887664628,0.07292753241050093,96.60855646157647
2014-09,57280.0,6845317.0,446619.76,6398697.24,5375565.0,1023132.24,0.15989696052567098,0.06524456938955493,111.7090998603352
2014-10,105482.0,13313424.0,937604.08,12375819.92,10593834.0,1781985.92,0.14398932204242998,0.07042546530479311,117.32636772150698
2014-11,55650.0,5947910.0,563695.8,5384214.2,4779614.0,604600.2,0.11229126062629528,0.09477207960443249,96.75137825696316
2014-12,102336.0,12508268.0,509480.1,11998787.9,9973022.0,2025765.9,0.16883087832563487,0.04073146657874615,117.24894367573484
