SourceRow,Segment,Country,Product,Discount Band,Units Sold,Manufacturing Price,Sale Price,Gross Sales,Discounts,Sales,COGS,Profit,Date,Month Number,Month Name,Year,Period,MonthNo,Gross check,Sales check,Profit check,Margin,Effective discount,COGS per unit
693,Enterprise,Canada,VTT,High,2954.0,250,125,369250.0,55387.5,313862.5,354480.0,-40617.5,2013-11-01,11,November,2013,2013-11,11,0.0,0.0,0.0,-0.12941176470588237,0.15,120.0
668,Enterprise,Germany,Carretera,High,2767.0,3,125,345875.0,51881.25,293993.75,332040.0,-38046.25,2014-08-01,8,August,2014,2014-08,8,0.0,0.0,0.0,-0.12941176470588237,0.15,120.0
660,Enterprise,United States of America,Amarilla,High,2844.0,260,125,355500.0,49770.0,305730.0,341280.0,-35550.0,2014-05-01,5,May,2014,2014-05,5,0.0,0.0,0.0,-0.11627906976744186,0.14,120.0
632,Enterprise,Mexico,Carretera,High,2821.0,3,125,352625.0,49367.5,303257.5,338520.0,-35262.5,2013-12-01,12,December,2013,2013-12,12,0.0,0.0,0.0,-0.11627906976744186,0.14,120.0
687,Enterprise,United States of America,Velo,High,2438.0,120,125,304750.0,45712.5,259037.5,292560.0,-33522.5,2013-12-01,12,December,2013,2013-12,12,0.0,0.0,0.0,-0.12941176470588237,0.15,120.0
530,Enterprise,Germany,Amarilla,High,3165.0,260,125,395625.0,43518.75,352106.25,379800.0,-27693.75,2014-01-01,1,January,2014,2014-01,1,0.0,0.0,0.0,-0.07865168539325842,0.11,120.0
459,Enterprise,United States of America,Carretera,High,3445.5,3,125,430687.5,43068.75,387618.75,413460.0,-25841.25,2014-04-01,4,April,2014,2014-04,4,0.0,0.0,0.0,-0.06666666666666667,0.1,120.0
538,Enterprise,Canada,Carretera,High,2416.0,3,125,302000.0,36240.0,265760.0,289920.0,-24160.0,2013-09-01,9,September,2013,2013-09,9,0.0,0.0,0.0,-0.09090909090909091,0.12,120.0
565,Enterprise,United States of America,VTT,High,2387.0,250,125,298375.0,35805.0,262570.0,286440.0,-23870.0,2014-11-01,11,November,2014,2014-11,11,0.0,0.0,0.0,-0.09090909090909091,0.12,120.0
549,Enterprise,Mexico,Paseo,High,2156.0,10,125,269500.0,32340.0,237160.0,258720.0,-21560.0,2014-10-01,10,October,2014,2014-10,10,0.0,0.0,0.0,-0.09090909090909091,0.12,120.0
539,Enterprise,Mexico,Carretera,High,2156.0,3,125,269500.0,32340.0,237160.0,258720.0,-21560.0,2014-10-01,10,October,2014,2014-10,10,0.0,0.0,0.0,-0.09090909090909091,0.12,120.0
520,Enterprise,France,Paseo,High,2441.0,10,125,305125.0,33563.75,271561.25,292920.0,-21358.75,2014-10-01,10,October,2014,2014-10,10,0.0,0.0,0.0,-0.07865168539325842,0.11,120.0
507,Enterprise,France,Carretera,High,2441.0,3,125,305125.0,33563.75,271561.25,292920.0,-21358.75,2014-10-01,10,October,2014,2014-10,10,0.0,0.0,0.0,-0.07865168539325842,0.11,120.0
648,Enterprise,Mexico,Velo,High,1575.0,120,125,196875.0,27562.5,169312.5,189000.0,-19687.5,2014-02-01,2,February,2014,2014-02,2,0.0,0.0,0.0,-0.11627906976744186,0.14,120.0
484,Enterprise,Canada,VTT,High,2529.0,250,125,316125.0,31612.5,284512.5,303480.0,-18967.5,2014-11-01,11,November,2014,2014-11,11,0.0,0.0,0.0,-0.06666666666666667,0.1,120.0
609,Enterprise,Canada,Amarilla,High,1659.0,260,125,207375.0,26958.75,180416.25,199080.0,-18663.75,2014-01-01,1,January,2014,2014-01,1,0.0,0.0,0.0,-0.10344827586206896,0.13,120.0
607,Enterprise,Canada,VTT,High,1583.0,250,125,197875.0,25723.75,172151.25,189960.0,-17808.75,2014-06-01,6,June,2014,2014-06,6,0.0,0.0,0.0,-0.10344827586206896,0.13,120.0
592,Enterprise,Canada,Paseo,High,1583.0,10,125,197875.0,25723.75,172151.25,189960.0,-17808.75,2014-06-01,6,June,2014,2014-06,6,0.0,0.0,0.0,-0.10344827586206896,0.13,120.0
422,Enterprise,United States of America,Paseo,Medium,2797.0,10,125,349625.0,31466.25,318158.75,335640.0,-17481.25,2014-12-01,12,December,2014,2014-12,12,0.0,0.0,0.0,-0.054945054945054944,0.09,120.0
412,Enterprise,United States of America,Montana,Medium,2797.0,5,125,349625.0,31466.25,318158.75,335640.0,-17481.25,2014-12-01,12,December,2014,2014-12,12,0.0,0.0,0.0,-0.054945054945054944,0.09,120.0
667,Enterprise,France,Carretera,High,1174.0,3,125,146750.0,22012.5,124737.5,140880.0,-16142.5,2014-08-01,8,August,2014,2014-08,8,0.0,0.0,0.0,-0.12941176470588237,0.15,120.0
669,Enterprise,Germany,Carretera,High,1085.0,3,125,135625.0,20343.75,115281.25,130200.0,-14918.75,2014-10-01,10,October,2014,2014-10,10,0.0,0.0,0.0,-0.12941176470588237,0.15,120.0
677,Enterprise,Germany,Paseo,High,1085.0,10,125,135625.0,20343.75,115281.25,130200.0,-14918.75,2014-10-01,10,October,2014,2014-10,10,0.0,0.0,0.0,-0.12941176470588237,0.15,120.0
476,Enterprise,Canada,Velo,High,1916.0,120,125,239500.0,23950.0,215550.0,229920.0,-14370.0,2013-12-01,12,December,2013,2013-12,12,0.0,0.0,0.0,-0.06666666666666667,0.1,120.0
462,Enterprise,United States of America,Montana,High,1804.0,5,125,225500.0,22550.0,202950.0,216480.0,-13530.0,2013-11-01,11,November,2013,2013-11,11,0.0,0.0,0.0,-0.06666666666666667,0.1,120.0
427,Enterprise,Mexico,Velo,Medium,2110.0,120,125,263750.0,23737.5,240012.5,253200.0,-13187.5,2014-09-01,9,September,2014,2014-09,9,0.0,0.0,0.0,-0.054945054945054944,0.09,120.0
335,Enterprise,Germany,Paseo,Medium,3513.0,10,125,439125.0,30738.75,408386.25,421560.0,-13173.75,2014-07-01,7,July,2014,2014-07,7,0.0,0.0,0.0,-0.03225806451612903,0.07,120.0
627,Enterprise,France,Carretera,High,1023.0,3,125,127875.0,17902.5,109972.5,122760.0,-12787.5,2013-09-01,9,September,2013,2013-09,9,0.0,0.0,0.0,-0.11627906976744186,0.14,120.0
532,Enterprise,France,Amarilla,High,1433.0,260,125,179125.0,19703.75,159421.25,171960.0,-12538.75,2014-05-01,5,May,2014,2014-05,5,0.0,0.0,0.0,-0.07865168539325842,0.11,120.0
472,Enterprise,United States of America,Velo,High,1596.0,120,125,199500.0,19950.0,179550.0,191520.0,-11970.0,2014-09-01,9,September,2014,2014-09,9,0.0,0.0,0.0,-0.06666666666666667,0.1,120.0
410,Enterprise,France,Montana,Medium,1857.0,5,125,232125.0,20891.25,211233.75,222840.0,-11606.25,2013-11-01,11,November,2013,2013-11,11,0.0,0.0,0.0,-0.054945054945054944,0.09,120.0
460,Enterprise,France,Carretera,High,1482.0,3,125,185250.0,18525.0,166725.0,177840.0,-11115.0,2013-12-01,12,December,2013,2013-12,12,0.0,0.0,0.0,-0.06666666666666667,0.1,120.0
332,Enterprise,Germany,Montana,Medium,2500.0,5,125,312500.0,21875.0,290625.0,300000.0,-9375.0,2013-11-01,11,November,2013,2013-11,11,0.0,0.0,0.0,-0.03225806451612903,0.07,120.0
685,Enterprise,France,Velo,High,663.0,120,125,82875.0,12431.25,70443.75,79560.0,-9116.25,2014-09-01,9,September,2014,2014-09,9,0.0,0.0,0.0,-0.12941176470588237,0.15,120.0
533,Enterprise,Mexico,Amarilla,High,947.0,260,125,118375.0,13021.25,105353.75,113640.0,-8286.25,2013-09-01,9,September,2013,2013-09,9,0.0,0.0,0.0,-0.07865168539325842,0.11,120.0
345,Enterprise,Germany,Velo,Medium,2087.0,120,125,260875.0,18261.25,242613.75,250440.0,-7826.25,2014-09-01,9,September,2014,2014-09,9,0.0,0.0,0.0,-0.03225806451612903,0.07,120.0
362,Enterprise,Mexico,Carretera,Medium,1540.0,3,125,192500.0,15400.0,177100.0,184800.0,-7700.0,2014-08-01,8,August,2014,2014-08,8,0.0,0.0,0.0,-0.043478260869565216,0.08,120.0
694,Enterprise,Germany,VTT,High,552.0,250,125,69000.0,10350.0,58650.0,66240.0,-7590.0,2014-11-01,11,November,2014,2014-11,11,0.0,0.0,0.0,-0.12941176470588237,0.15,120.0
289,Enterprise,United States of America,Velo,Medium,2755.0,120,125,344375.0,20662.5,323712.5,330600.0,-6887.5,2014-02-01,2,February,2014,2014-02,2,0.0,0.0,0.0,-0.02127659574468085,0.06,120.0
353,Enterprise,Canada,Amarilla,Medium,1645.0,260,125,205625.0,14393.75,191231.25,197400.0,-6168.75,2014-05-01,5,May,2014,2014-05,5,0.0,0.0,0.0,-0.03225806451612903,0.07,120.0
371,Enterprise,Mexico,Paseo,Medium,1114.0,10,125,139250.0,11140.0,128110.0,133680.0,-5570.0,2014-03-01,3,March,2014,2014-03,3,0.0,0.0,0.0,-0.043478260869565216,0.08,120.0
436,Enterprise,Mexico,VTT,Medium,877.0,250,125,109625.0,9866.25,99758.75,105240.0,-5481.25,2014-11-01,11,November,2014,2014-11,11,0.0,0.0,0.0,-0.054945054945054944,0.09,120.0
300,Enterprise,France,Amarilla,Medium,1987.5,260,125,248437.5,14906.25,233531.25,238500.0,-4968.75,2014-01-01,1,January,2014,2014-01,1,0.0,0.0,0.0,-0.02127659574468085,0.06,120.0
528,Enterprise,Mexico,VTT,High,554.0,250,125,69250.0,7617.5,61632.5,66480.0,-4847.5,2014-01-01,1,January,2014,2014-01,1,0.0,0.0,0.0,-0.07865168539325842,0.11,120.0
233,Enterprise,United States of America,Montana,Medium,3627.0,5,125,453375.0,22668.75,430706.25,435240.0,-4533.75,2014-07-01,7,July,2014,2014-07,7,0.0,0.0,0.0,-0.010526315789473684,0.05,120.0
486,Enterprise,United States of America,Amarilla,High,579.0,260,125,72375.0,7237.5,65137.5,69480.0,-4342.5,2014-01-01,1,January,2014,2014-01,1,0.0,0.0,0.0,-0.06666666666666667,0.1,120.0
238,Enterprise,United States of America,Paseo,Medium,2992.0,10,125,374000.0,18700.0,355300.0,359040.0,-3740.0,2014-03-01,3,March,2014,2014-03,3,0.0,0.0,0.0,-0.010526315789473684,0.05,120.0
355,Enterprise,Germany,Amarilla,Medium,994.0,260,125,124250.0,8697.5,115552.5,119280.0,-3727.5,2013-09-01,9,September,2013,2013-09,9,0.0,0.0,0.0,-0.03225806451612903,0.07,120.0
426,Enterprise,Canada,Velo,Medium,567.0,120,125,70875.0,6378.75,64496.25,68040.0,-3543.75,2014-09-01,9,September,2014,2014-09,9,0.0,0.0,0.0,-0.054945054945054944,0.09,120.0
239,Enterprise,France,Paseo,Medium,2385.0,10,125,298125.0,14906.25,283218.75,286200.0,-2981.25,2014-03-01,3,March,2014,2014-03,3,0.0,0.0,0.0,-0.010526315789473684,0.05,120.0
478,Enterprise,Mexico,VTT,High,341.0,250,125,42625.0,4262.5,38362.5,40920.0,-2557.5,2014-05-01,5,May,2014,2014-05,5,0.0,0.0,0.0,-0.06666666666666667,0.1,120.0
288,Enterprise,Canada,Velo,Medium,952.0,120,125,119000.0,7140.0,111860.0,114240.0,-2380.0,2014-02-01,2,February,2014,2014-02,2,0.0,0.0,0.0,-0.02127659574468085,0.06,120.0
280,Enterprise,Germany,Carretera,Medium,887.0,3,125,110875.0,6652.5,104222.5,106440.0,-2217.5,2013-12-01,12,December,2013,2013-12,12,0.0,0.0,0.0,-0.02127659574468085,0.06,120.0
259,Enterprise,United States of America,Velo,Medium,861.0,120,125,107625.0,5381.25,102243.75,103320.0,-1076.25,2014-10-01,10,October,2014,2014-10,10,0.0,0.0,0.0,-0.010526315789473684,0.05,120.0
247,Enterprise,United States of America,Paseo,Medium,861.0,10,125,107625.0,5381.25,102243.75,103320.0,-1076.25,2014-10-01,10,October,2014,2014-10,10,0.0,0.0,0.0,-0.010526315789473684,0.05,120.0
255,Enterprise,Germany,Velo,Medium,807.0,120,125,100875.0,5043.75,95831.25,96840.0,-1008.75,2014-02-01,2,February,2014,2014-02,2,0.0,0.0,0.0,-0.010526315789473684,0.05,120.0
260,Enterprise,France,Velo,Medium,704.0,120,125,88000.0,4400.0,83600.0,84480.0,-880.0,2013-10-01,10,October,2013,2013-10,10,0.0,0.0,0.0,-0.010526315789473684,0.05,120.0
248,Enterprise,France,Paseo,Medium,704.0,10,125,88000.0,4400.0,83600.0,84480.0,-880.0,2013-10-01,10,October,2013,2013-10,10,0.0,0.0,0.0,-0.010526315789473684,0.05,120.0
