company,vintage,label,case,metric,value
PG,pre_history,March · history only,bear,net_sales,20471.22
PG,pre_history,March · history only,bear,gross_profit,9826.1856
PG,pre_history,March · history only,bear,sga,6039.0099
PG,pre_history,March · history only,bear,operating_income,3787.1757000000007
PG,pre_history,March · history only,bear,pretax_income,3737.1757000000007
PG,pre_history,March · history only,bear,income_taxes,840.8645325000002
PG,pre_history,March · history only,bear,net_income,2896.3111675000005
PG,pre_history,March · history only,bear,net_income_attributable,2866.3111675000005
PG,pre_history,March · history only,bear,diluted_eps,1.1723154059304706
PG,pre_history,March · history only,bear,operating_cash_flow,3041.126725875001
PG,pre_history,March · history only,bear,capital_expenditures,1228.2732
PG,pre_history,March · history only,bear,free_cash_flow,1812.8535258750007
PG,pre_history,March · history only,bear,gross_margin,0.48
PG,pre_history,March · history only,bear,operating_margin,0.18500000000000003
PG,pre_history,March · history only,base,net_sales,21202.335
PG,pre_history,March · history only,base,gross_profit,10601.1675
PG,pre_history,March · history only,base,sga,5936.6538
PG,pre_history,March · history only,base,operating_income,4664.5136999999995
PG,pre_history,March · history only,base,pretax_income,4764.5136999999995
PG,pre_history,March · history only,base,income_taxes,952.90274
PG,pre_history,March · history only,base,net_income,3811.6109599999995
PG,pre_history,March · history only,base,net_income_attributable,3799.6109599999995
PG,pre_history,March · history only,base,diluted_eps,1.5700871735537187
PG,pre_history,March · history only,base,operating_cash_flow,4955.094247999999
PG,pre_history,March · history only,base,capital_expenditures,1060.11675
PG,pre_history,March · history only,base,free_cash_flow,3894.9774979999993
PG,pre_history,March · history only,base,gross_margin,0.5
PG,pre_history,March · history only,base,operating_margin,0.21999999999999997
PG,pre_history,March · history only,bull,net_sales,21724.56
PG,pre_history,March · history only,bull,gross_profit,11188.148400000002
PG,pre_history,March · history only,bull,sga,5757.008400000001
PG,pre_history,March · history only,bull,operating_income,5431.140000000001
PG,pre_history,March · history only,bull,pretax_income,5631.140000000001
PG,pre_history,March · history only,bull,income_taxes,1041.7609000000002
PG,pre_history,March · history only,bull,net_income,4589.379100000001
PG,pre_history,March · history only,bull,net_income_attributable,4581.379100000001
PG,pre_history,March · history only,bull,diluted_eps,1.9128931524008355
PG,pre_history,March · history only,bull,operating_cash_flow,6884.068650000001
PG,pre_history,March · history only,bull,capital_expenditures,977.6052
PG,pre_history,March · history only,bull,free_cash_flow,5906.463450000001
PG,pre_history,March · history only,bull,gross_margin,0.515
PG,pre_history,March · history only,bull,operating_margin,0.25000000000000006
PG,pre_market,March · market informed,bear,net_sales,20366.774999999998
PG,pre_market,March · market informed,bear,gross_profit,9674.218125
PG,pre_market,March · market informed,bear,sga,6008.198624999999
PG,pre_market,March · market informed,bear,operating_income,3666.0195000000003
PG,pre_market,March · market informed,bear,pretax_income,3616.0195000000003
PG,pre_market,March · market informed,bear,income_taxes,813.6043875000001
PG,pre_market,March · market informed,bear,net_income,2802.4151125000003
PG,pre_market,March · market informed,bear,net_income_attributable,2772.4151125000003
PG,pre_market,March · market informed,bear,diluted_eps,1.1339121114519428
PG,pre_market,March · market informed,bear,operating_cash_flow,2942.5358681250004
PG,pre_market,March · market informed,bear,capital_expenditures,1222.0064999999997
PG,pre_market,March · market informed,bear,free_cash_flow,1720.5293681250007
PG,pre_market,March · market informed,bear,gross_margin,0.475
PG,pre_market,March · market informed,bear,operating_margin,0.18000000000000005
PG,pre_market,March · market informed,base,net_sales,21202.335
PG,pre_market,March · market informed,base,gross_profit,10601.1675
PG,pre_market,March · market informed,base,sga,5936.6538
PG,pre_market,March · market informed,base,operating_income,4664.5136999999995
PG,pre_market,March · market informed,base,pretax_income,4764.5136999999995
PG,pre_market,March · market informed,base,income_taxes,952.90274
PG,pre_market,March · market informed,base,net_income,3811.6109599999995
PG,pre_market,March · market informed,base,net_income_attributable,3799.6109599999995
PG,pre_market,March · market informed,base,diluted_eps,1.5700871735537187
PG,pre_market,March · market informed,base,operating_cash_flow,4955.094247999999
PG,pre_market,March · market informed,base,capital_expenditures,1060.11675
PG,pre_market,March · market informed,base,free_cash_flow,3894.9774979999993
PG,pre_market,March · market informed,base,gross_margin,0.5
PG,pre_market,March · market informed,base,operating_margin,0.21999999999999997
PG,pre_market,March · market informed,bull,net_sales,21724.56
PG,pre_market,March · market informed,bull,gross_profit,11188.148400000002
PG,pre_market,March · market informed,bull,sga,5757.008400000001
PG,pre_market,March · market informed,bull,operating_income,5431.140000000001
PG,pre_market,March · market informed,bull,pretax_income,5631.140000000001
PG,pre_market,March · market informed,bull,income_taxes,1041.7609000000002
PG,pre_market,March · market informed,bull,net_income,4589.379100000001
PG,pre_market,March · market informed,bull,net_income_attributable,4581.379100000001
PG,pre_market,March · market informed,bull,diluted_eps,1.9128931524008355
PG,pre_market,March · market informed,bull,operating_cash_flow,6884.068650000001
PG,pre_market,March · market informed,bull,capital_expenditures,977.6052
PG,pre_market,March · market informed,bull,free_cash_flow,5906.463450000001
PG,pre_market,March · market informed,bull,gross_margin,0.515
PG,pre_market,March · market informed,bull,operating_margin,0.25000000000000006
PG,mid_history,May · history only,bear,net_sales,20889.0
PG,mid_history,May · history only,bear,gross_profit,9922.275
PG,mid_history,May · history only,bear,sga,6162.255
PG,mid_history,May · history only,bear,operating_income,3760.0199999999995
PG,mid_history,May · history only,bear,pretax_income,3710.0199999999995
PG,mid_history,May · history only,bear,income_taxes,834.7544999999999
PG,mid_history,May · history only,bear,net_income,2875.2654999999995
PG,mid_history,May · history only,bear,net_income_attributable,2845.2654999999995
PG,mid_history,May · history only,bear,diluted_eps,1.1660924180327867
PG,mid_history,May · history only,bear,operating_cash_flow,3019.0287749999998
PG,mid_history,May · history only,bear,capital_expenditures,1253.34
PG,mid_history,May · history only,bear,free_cash_flow,1765.6887749999999
PG,mid_history,May · history only,bear,gross_margin,0.475
PG,mid_history,May · history only,bear,operating_margin,0.17999999999999997
PG,mid_history,May · history only,base,net_sales,21724.56
PG,mid_history,May · history only,base,gross_profit,10645.0344
PG,mid_history,May · history only,base,sga,6126.32592
PG,mid_history,May · history only,base,operating_income,4518.70848
PG,mid_history,May · history only,base,pretax_income,4668.70848
PG,mid_history,May · history only,base,income_taxes,957.0852384
PG,mid_history,May · history only,base,net_income,3711.6232416000003
PG,mid_history,May · history only,base,net_income_attributable,3693.6232416000003
PG,mid_history,May · history only,base,diluted_eps,1.5358100796673597
PG,mid_history,May · history only,base,operating_cash_flow,4825.11021408
PG,mid_history,May · history only,base,capital_expenditures,1086.228
PG,mid_history,May · history only,base,free_cash_flow,3738.8822140800003
PG,mid_history,May · history only,base,gross_margin,0.49
PG,mid_history,May · history only,base,operating_margin,0.208
PG,mid_history,May · history only,bull,net_sales,22351.23
PG,mid_history,May · history only,bull,gross_profit,11287.371149999999
PG,mid_history,May · history only,bull,sga,6034.8321000000005
PG,mid_history,May · history only,bull,operating_income,5252.5390499999985
PG,mid_history,May · history only,bull,pretax_income,5552.5390499999985
PG,mid_history,May · history only,bull,income_taxes,1054.9824194999997
PG,mid_history,May · history only,bull,net_income,4497.556630499999
PG,mid_history,May · history only,bull,net_income_attributable,4487.556630499999
PG,mid_history,May · history only,bull,diluted_eps,1.885527996008403
PG,mid_history,May · history only,bull,operating_cash_flow,6746.334945749999
PG,mid_history,May · history only,bull,capital_expenditures,1005.80535
PG,mid_history,May · history only,bull,free_cash_flow,5740.529595749999
PG,mid_history,May · history only,bull,gross_margin,0.505
PG,mid_history,May · history only,bull,operating_margin,0.23499999999999993
PG,mid_market,May · market informed,bear,net_sales,20889.0
PG,mid_market,May · market informed,bear,gross_profit,9755.163
PG,mid_market,May · market informed,bear,sga,6162.255
PG,mid_market,May · market informed,bear,operating_income,3592.9080000000004
PG,mid_market,May · market informed,bear,pretax_income,3542.9080000000004
PG,mid_market,May · market informed,bear,income_taxes,797.1543000000001
PG,mid_market,May · market informed,bear,net_income,2745.7537
PG,mid_market,May · market informed,bear,net_income_attributable,2715.7537
PG,mid_market,May · market informed,bear,diluted_eps,1.11301381147541
PG,mid_market,May · market informed,bear,operating_cash_flow,2883.0413850000004
PG,mid_market,May · market informed,bear,capital_expenditures,1253.34
PG,mid_market,May · market informed,bear,free_cash_flow,1629.7013850000005
PG,mid_market,May · market informed,bear,gross_margin,0.467
PG,mid_market,May · market informed,bear,operating_margin,0.17200000000000001
PG,mid_market,May · market informed,base,net_sales,21724.56
PG,mid_market,May · market informed,base,gross_profit,10558.13616
PG,mid_market,May · market informed,base,sga,6126.32592
PG,mid_market,May · market informed,base,operating_income,4431.81024
PG,mid_market,May · market informed,base,pretax_income,4581.81024
PG,mid_market,May · market informed,base,income_taxes,939.2710991999999
PG,mid_market,May · market informed,base,net_income,3642.5391408
PG,mid_market,May · market informed,base,net_income_attributable,3624.5391408
PG,mid_market,May · market informed,base,diluted_eps,1.507084881829522
PG,mid_market,May · market informed,base,operating_cash_flow,4735.30088304
PG,mid_market,May · market informed,base,capital_expenditures,1086.228
PG,mid_market,May · market informed,base,free_cash_flow,3649.0728830400003
PG,mid_market,May · market informed,base,gross_margin,0.486
PG,mid_market,May · market informed,base,operating_margin,0.204
PG,mid_market,May · market informed,bull,net_sales,22351.23
PG,mid_market,May · market informed,bull,gross_profit,11242.66869
PG,mid_market,May · market informed,bull,sga,6034.8321000000005
PG,mid_market,May · market informed,bull,operating_income,5207.83659
PG,mid_market,May · market informed,bull,pretax_income,5507.83659
PG,mid_market,May · market informed,bull,income_taxes,1046.4889521
PG,mid_market,May · market informed,bull,net_income,4461.3476379
PG,mid_market,May · market informed,bull,net_income_attributable,4451.3476379
PG,mid_market,May · market informed,bull,diluted_eps,1.8703141335714286
PG,mid_market,May · market informed,bull,operating_cash_flow,6692.0214568500005
PG,mid_market,May · market informed,bull,capital_expenditures,1005.80535
PG,mid_market,May · market informed,bull,free_cash_flow,5686.216106850001
PG,mid_market,May · market informed,bull,gross_margin,0.503
PG,mid_market,May · market informed,bull,operating_margin,0.233
TRV,pre_history,March · history only,bear,net_earned_premiums,10921.0
TRV,pre_history,March · history only,bear,net_written_premiums,11312.14
TRV,pre_history,March · history only,bear,underlying_underwriting_gain,1273.6069999999997
TRV,pre_history,March · history only,bear,underwriting_gain,-476.39300000000026
TRV,pre_history,March · history only,bear,investment_income_pretax,950
TRV,pre_history,March · history only,bear,core_pretax_income,348.60699999999974
TRV,pre_history,March · history only,bear,core_income_tax,76.69353999999994
TRV,pre_history,March · history only,bear,core_income,271.9134599999998
TRV,pre_history,March · history only,bear,core_income_per_diluted_share_proxy,1.2138993749999991
TRV,pre_history,March · history only,bear,underlying_combined_ratio,0.88
TRV,pre_history,March · history only,bear,combined_ratio,1.0402417361047522
TRV,pre_history,March · history only,bear,catastrophe_losses,1800
TRV,pre_history,March · history only,bear,favorable_prior_year_development,50
TRV,pre_history,March · history only,bear,basis_adjustment,-36.91300000000024
TRV,pre_history,March · history only,base,net_earned_premiums,11248.630000000001
TRV,pre_history,March · history only,base,net_written_premiums,11716.144999999999
TRV,pre_history,March · history only,base,underlying_underwriting_gain,1762.8678000000002
TRV,pre_history,March · history only,base,underwriting_gain,1037.8678000000002
TRV,pre_history,March · history only,base,investment_income_pretax,1080
TRV,pre_history,March · history only,base,core_pretax_income,2017.8678
TRV,pre_history,March · history only,base,core_income_tax,397.5199566
TRV,pre_history,March · history only,base,core_income,1620.3478433999999
TRV,pre_history,March · history only,base,core_income_per_diluted_share_proxy,7.298864159459459
TRV,pre_history,March · history only,base,underlying_combined_ratio,0.84
TRV,pre_history,March · history only,base,combined_ratio,0.9044522933014953
TRV,pre_history,March · history only,base,catastrophe_losses,1000
TRV,pre_history,March · history only,base,favorable_prior_year_development,275
TRV,pre_history,March · history only,base,basis_adjustment,-36.91300000000024
TRV,pre_history,March · history only,bull,net_earned_premiums,11576.26
TRV,pre_history,March · history only,bull,net_written_premiums,12004.720000000001
TRV,pre_history,March · history only,bull,underlying_underwriting_gain,2046.8138000000006
TRV,pre_history,March · history only,bull,underwriting_gain,1921.8138000000006
TRV,pre_history,March · history only,bull,investment_income_pretax,1150
TRV,pre_history,March · history only,bull,core_pretax_income,2986.813800000001
TRV,pre_history,March · history only,bull,core_income_tax,537.6264840000001
TRV,pre_history,March · history only,bull,core_income,2449.1873160000005
TRV,pre_history,March · history only,bull,core_income_per_diluted_share_proxy,11.1835037260274
TRV,pre_history,March · history only,bull,underlying_combined_ratio,0.82
TRV,pre_history,March · history only,bull,combined_ratio,0.8307979606539591
TRV,pre_history,March · history only,bull,catastrophe_losses,500
TRV,pre_history,March · history only,bull,favorable_prior_year_development,375
TRV,pre_history,March · history only,bull,basis_adjustment,-36.91300000000024
TRV,pre_market,March · market informed,bear,net_earned_premiums,10921.0
TRV,pre_market,March · market informed,bear,net_written_premiums,11312.14
TRV,pre_market,March · market informed,bear,underlying_underwriting_gain,1164.3969999999997
TRV,pre_market,March · market informed,bear,underwriting_gain,-585.6030000000003
TRV,pre_market,March · market informed,bear,investment_income_pretax,950
TRV,pre_market,March · market informed,bear,core_pretax_income,239.3969999999997
TRV,pre_market,March · market informed,bear,core_income_tax,52.66733999999994
TRV,pre_market,March · market informed,bear,core_income,186.72965999999977
TRV,pre_market,March · market informed,bear,core_income_per_diluted_share_proxy,0.8336145535714276
TRV,pre_market,March · market informed,bear,underlying_combined_ratio,0.89
TRV,pre_market,March · market informed,bear,combined_ratio,1.0502417361047522
TRV,pre_market,March · market informed,bear,catastrophe_losses,1800
TRV,pre_market,March · market informed,bear,favorable_prior_year_development,50
TRV,pre_market,March · market informed,bear,basis_adjustment,-36.91300000000024
TRV,pre_market,March · market informed,base,net_earned_premiums,11248.630000000001
TRV,pre_market,March · market informed,base,net_written_premiums,11716.144999999999
TRV,pre_market,March · market informed,base,underlying_underwriting_gain,1762.8678000000002
TRV,pre_market,March · market informed,base,underwriting_gain,1037.8678000000002
TRV,pre_market,March · market informed,base,investment_income_pretax,1080
TRV,pre_market,March · market informed,base,core_pretax_income,2017.8678
TRV,pre_market,March · market informed,base,core_income_tax,397.5199566
TRV,pre_market,March · market informed,base,core_income,1620.3478433999999
TRV,pre_market,March · market informed,base,core_income_per_diluted_share_proxy,7.298864159459459
TRV,pre_market,March · market informed,base,underlying_combined_ratio,0.84
TRV,pre_market,March · market informed,base,combined_ratio,0.9044522933014953
TRV,pre_market,March · market informed,base,catastrophe_losses,1000
TRV,pre_market,March · market informed,base,favorable_prior_year_development,275
TRV,pre_market,March · market informed,base,basis_adjustment,-36.91300000000024
TRV,pre_market,March · market informed,bull,net_earned_premiums,11576.26
TRV,pre_market,March · market informed,bull,net_written_premiums,12004.720000000001
TRV,pre_market,March · market informed,bull,underlying_underwriting_gain,2046.8138000000006
TRV,pre_market,March · market informed,bull,underwriting_gain,1921.8138000000006
TRV,pre_market,March · market informed,bull,investment_income_pretax,1150
TRV,pre_market,March · market informed,bull,core_pretax_income,2986.813800000001
TRV,pre_market,March · market informed,bull,core_income_tax,537.6264840000001
TRV,pre_market,March · market informed,bull,core_income,2449.1873160000005
TRV,pre_market,March · market informed,bull,core_income_per_diluted_share_proxy,11.1835037260274
TRV,pre_market,March · market informed,bull,underlying_combined_ratio,0.82
TRV,pre_market,March · market informed,bull,combined_ratio,0.8307979606539591
TRV,pre_market,March · market informed,bull,catastrophe_losses,500
TRV,pre_market,March · market informed,bull,favorable_prior_year_development,375
TRV,pre_market,March · market informed,bull,basis_adjustment,-36.91300000000024
TRV,mid_history,May · history only,bear,net_earned_premiums,10484.16
TRV,mid_history,May · history only,bear,net_written_premiums,10965.85
TRV,mid_history,May · history only,bear,underlying_underwriting_gain,1221.1861999999996
TRV,mid_history,May · history only,bear,underwriting_gain,-578.8138000000004
TRV,mid_history,May · history only,bear,investment_income_pretax,950
TRV,mid_history,May · history only,bear,core_pretax_income,231.18619999999964
TRV,mid_history,May · history only,bear,core_income_tax,48.54910199999993
TRV,mid_history,May · history only,bear,core_income,182.63709799999972
TRV,mid_history,May · history only,bear,core_income_per_diluted_share_proxy,0.8339593515981722
TRV,mid_history,May · history only,bear,underlying_combined_ratio,0.88
TRV,mid_history,May · history only,bear,combined_ratio,1.051687574397949
TRV,mid_history,May · history only,bear,catastrophe_losses,1800
TRV,mid_history,May · history only,bear,favorable_prior_year_development,0
TRV,mid_history,May · history only,bear,basis_adjustment,-36.91300000000024
TRV,mid_history,May · history only,base,net_earned_premiums,10811.789999999999
TRV,mid_history,May · history only,base,net_written_premiums,11312.14
TRV,mid_history,May · history only,base,underlying_underwriting_gain,1563.23192
TRV,mid_history,May · history only,base,underwriting_gain,863.23192
TRV,mid_history,May · history only,base,investment_income_pretax,1030
TRV,mid_history,May · history only,base,core_pretax_income,1783.23192
TRV,mid_history,May · history only,base,core_income_tax,347.7302244
TRV,mid_history,May · history only,base,core_income,1435.5016956
TRV,mid_history,May · history only,base,core_income_per_diluted_share_proxy,6.645841183333333
TRV,mid_history,May · history only,base,underlying_combined_ratio,0.852
TRV,mid_history,May · history only,base,combined_ratio,0.9167441357998999
TRV,mid_history,May · history only,base,catastrophe_losses,1000
TRV,mid_history,May · history only,base,favorable_prior_year_development,300
TRV,mid_history,May · history only,base,basis_adjustment,-36.91300000000024
TRV,mid_history,May · history only,bull,net_earned_premiums,11139.42
TRV,mid_history,May · history only,bull,net_written_premiums,11773.86
TRV,mid_history,May · history only,bull,underlying_underwriting_gain,1801.0913000000003
TRV,mid_history,May · history only,bull,underwriting_gain,1726.0913000000003
TRV,mid_history,May · history only,bull,investment_income_pretax,1120
TRV,mid_history,May · history only,bull,core_pretax_income,2761.0913
TRV,mid_history,May · history only,bull,core_income_tax,496.99643399999997
TRV,mid_history,May · history only,bull,core_income,2264.094866
TRV,mid_history,May · history only,bull,core_income_per_diluted_share_proxy,10.629553361502348
TRV,mid_history,May · history only,bull,underlying_combined_ratio,0.835
TRV,mid_history,May · history only,bull,combined_ratio,0.8417328460548215
TRV,mid_history,May · history only,bull,catastrophe_losses,500
TRV,mid_history,May · history only,bull,favorable_prior_year_development,425
TRV,mid_history,May · history only,bull,basis_adjustment,-36.91300000000024
TRV,mid_market,May · market informed,bear,net_earned_premiums,10484.16
TRV,mid_market,May · market informed,bear,net_written_premiums,10965.85
TRV,mid_market,May · market informed,bear,underlying_underwriting_gain,1116.3445999999997
TRV,mid_market,May · market informed,bear,underwriting_gain,-683.6554000000003
TRV,mid_market,May · market informed,bear,investment_income_pretax,950
TRV,mid_market,May · market informed,bear,core_pretax_income,126.34459999999967
TRV,mid_market,May · market informed,bear,core_income_tax,26.53236599999993
TRV,mid_market,May · market informed,bear,core_income,99.81223399999975
TRV,mid_market,May · market informed,bear,core_income_per_diluted_share_proxy,0.4557636255707751
TRV,mid_market,May · market informed,bear,underlying_combined_ratio,0.89
TRV,mid_market,May · market informed,bear,combined_ratio,1.0616875743979488
TRV,mid_market,May · market informed,bear,catastrophe_losses,1800
TRV,mid_market,May · market informed,bear,favorable_prior_year_development,0
TRV,mid_market,May · market informed,bear,basis_adjustment,-36.91300000000024
TRV,mid_market,May · market informed,base,net_earned_premiums,10811.789999999999
TRV,mid_market,May · market informed,base,net_written_premiums,11312.14
TRV,mid_market,May · market informed,base,underlying_underwriting_gain,1563.23192
TRV,mid_market,May · market informed,base,underwriting_gain,863.23192
TRV,mid_market,May · market informed,base,investment_income_pretax,1030
TRV,mid_market,May · market informed,base,core_pretax_income,1783.23192
TRV,mid_market,May · market informed,base,core_income_tax,347.7302244
TRV,mid_market,May · market informed,base,core_income,1435.5016956
TRV,mid_market,May · market informed,base,core_income_per_diluted_share_proxy,6.645841183333333
TRV,mid_market,May · market informed,base,underlying_combined_ratio,0.852
TRV,mid_market,May · market informed,base,combined_ratio,0.9167441357998999
TRV,mid_market,May · market informed,base,catastrophe_losses,1000
TRV,mid_market,May · market informed,base,favorable_prior_year_development,300
TRV,mid_market,May · market informed,base,basis_adjustment,-36.91300000000024
TRV,mid_market,May · market informed,bull,net_earned_premiums,11139.42
TRV,mid_market,May · market informed,bull,net_written_premiums,11773.86
TRV,mid_market,May · market informed,bull,underlying_underwriting_gain,1801.0913000000003
TRV,mid_market,May · market informed,bull,underwriting_gain,1726.0913000000003
TRV,mid_market,May · market informed,bull,investment_income_pretax,1120
TRV,mid_market,May · market informed,bull,core_pretax_income,2761.0913
TRV,mid_market,May · market informed,bull,core_income_tax,496.99643399999997
TRV,mid_market,May · market informed,bull,core_income,2264.094866
TRV,mid_market,May · market informed,bull,core_income_per_diluted_share_proxy,10.629553361502348
TRV,mid_market,May · market informed,bull,underlying_combined_ratio,0.835
TRV,mid_market,May · market informed,bull,combined_ratio,0.8417328460548215
TRV,mid_market,May · market informed,bull,catastrophe_losses,500
TRV,mid_market,May · market informed,bull,favorable_prior_year_development,425
TRV,mid_market,May · market informed,bull,basis_adjustment,-36.91300000000024
