TableName,Name,Expression,DisplayFolder,Description
Fact,Amount,"TOTALYTD(SUM([Value]), 'Date'[Date])*.3",,
Fact,Actual,"CALCULATE([Amount], Scenario[ScenarioDescription]=""Actual"")",,
Fact,LE1,"CALCULATE([Amount], Scenario[ScenarioDescription]=""Latest Estimate 1"")",,
Fact,LE2,"CALCULATE([Amount], Scenario[ScenarioDescription]=""Latest Estimate 2"")",,
Fact,LE3,"CALCULATE([Amount], Scenario[ScenarioDescription]=""Latest Estimate 3"")",,
Fact,Plan,"CALCULATE([Amount], Scenario[ScenarioDescription]=""Plan"")",,
Fact,Var LE1,[Actual]-[LE1],,
Fact,Var LE2,[Actual]-[LE2],,
Fact,Var LE3,[Actual]-[LE3],,
Fact,Var Plan,[Actual]-[Plan],,
Fact,Var LE1 %,"DIVIDE([Var LE1],[LE1], BLANK())",,
Fact,Var LE2 %,"DIVIDE([Var LE2],[LE2], BLANK())",,
Fact,Var LE3 %,"DIVIDE([Var LE3],[LE3], BLANK())",,
Fact,Var Plan %,"DIVIDE([Var Plan],[Plan], BLANK())",,
Fact,Actual/Plan,[Actual],,
